tensorflow,https://github.com/tensorflow/tensorflow/pull/73639,2024-08-12T22:52:46Z
tensorflow,https://github.com/tensorflow/tensorflow/issues/73631,2024-08-12T21:23:47Z
tensorflow,https://github.com/tensorflow/tensorflow/issues/73603,2024-08-12T12:12:49Z
tensorflow,https://github.com/tensorflow/tensorflow/issues/73532,2024-08-11T10:55:46Z
tensorflow,https://github.com/tensorflow/tensorflow/issues/73531,2024-08-11T10:45:11Z
tensorflow,https://github.com/tensorflow/tensorflow/issues/73525,2024-08-11T00:01:14Z
tensorflow,https://github.com/tensorflow/tensorflow/issues/73519,2024-08-10T13:39:20Z
tensorflow,https://github.com/tensorflow/tensorflow/issues/73518,2024-08-10T13:33:57Z
tensorflow,https://github.com/tensorflow/tensorflow/issues/73517,2024-08-10T11:30:27Z
tensorflow,https://github.com/tensorflow/tensorflow/issues/73487,2024-08-09T20:40:06Z
tensorflow,https://github.com/tensorflow/tensorflow/issues/73484,2024-08-09T20:17:19Z
tensorflow,https://github.com/tensorflow/tensorflow/issues/73465,2024-08-09T14:22:36Z
tensorflow,https://github.com/tensorflow/tensorflow/issues/73457,2024-08-09T10:51:49Z
tensorflow,https://github.com/tensorflow/tensorflow/issues/73367,2024-08-08T09:36:08Z
tensorflow,https://github.com/tensorflow/tensorflow/issues/73362,2024-08-08T09:14:54Z
tensorflow,https://github.com/tensorflow/tensorflow/issues/73301,2024-08-07T16:14:31Z
tensorflow,https://github.com/tensorflow/tensorflow/issues/73295,2024-08-07T14:10:01Z
tensorflow,https://github.com/tensorflow/tensorflow/issues/73288,2024-08-07T12:09:34Z
tensorflow,https://github.com/tensorflow/tensorflow/issues/73158,2024-08-05T16:45:01Z
tensorflow,https://github.com/tensorflow/tensorflow/pull/72978,2024-08-01T18:18:26Z
tensorflow,https://github.com/tensorflow/tensorflow/issues/72963,2024-08-01T15:27:28Z
tensorflow,https://github.com/tensorflow/tensorflow/issues/72954,2024-08-01T13:04:31Z
tensorflow,https://github.com/tensorflow/tensorflow/issues/72953,2024-08-01T12:52:10Z
tensorflow,https://github.com/tensorflow/tensorflow/issues/72915,2024-07-31T21:00:51Z
tensorflow,https://github.com/tensorflow/tensorflow/issues/72873,2024-07-31T09:35:26Z
tensorflow,https://github.com/tensorflow/tensorflow/issues/72802,2024-07-30T20:18:58Z
tensorflow,https://github.com/tensorflow/tensorflow/issues/72797,2024-07-30T17:57:02Z
tensorflow,https://github.com/tensorflow/tensorflow/issues/72785,2024-07-30T15:03:03Z
tensorflow,https://github.com/tensorflow/tensorflow/issues/72755,2024-07-30T07:10:50Z
tensorflow,https://github.com/tensorflow/tensorflow/issues/72709,2024-07-29T15:18:49Z
tensorflow,https://github.com/tensorflow/tensorflow/issues/72696,2024-07-29T11:08:17Z
tensorflow,https://github.com/tensorflow/tensorflow/issues/72686,2024-07-29T07:33:52Z
tensorflow,https://github.com/tensorflow/tensorflow/issues/72679,2024-07-29T05:28:49Z
tensorflow,https://github.com/tensorflow/tensorflow/issues/72585,2024-07-26T18:18:08Z
tensorflow,https://github.com/tensorflow/tensorflow/issues/72561,2024-07-26T09:21:40Z
tensorflow,https://github.com/tensorflow/tensorflow/issues/72366,2024-07-23T13:34:55Z
tensorflow,https://github.com/tensorflow/tensorflow/issues/72365,2024-07-23T13:34:32Z
tensorflow,https://github.com/tensorflow/tensorflow/issues/72362,2024-07-23T12:46:06Z
tensorflow,https://github.com/tensorflow/tensorflow/issues/72332,2024-07-23T00:44:47Z
tensorflow,https://github.com/tensorflow/tensorflow/issues/72295,2024-07-22T14:08:43Z
tensorflow,https://github.com/tensorflow/tensorflow/issues/72282,2024-07-22T08:49:34Z
tensorflow,https://github.com/tensorflow/tensorflow/issues/72279,2024-07-22T08:37:24Z
tensorflow,https://github.com/tensorflow/tensorflow/issues/72156,2024-07-19T06:52:16Z
tensorflow,https://github.com/tensorflow/tensorflow/issues/72108,2024-07-18T17:11:11Z
tensorflow,https://github.com/tensorflow/tensorflow/issues/72014,2024-07-17T12:52:42Z
tensorflow,https://github.com/tensorflow/tensorflow/issues/71937,2024-07-16T15:02:16Z
tensorflow,https://github.com/tensorflow/tensorflow/issues/71833,2024-07-14T21:08:50Z
tensorflow,https://github.com/tensorflow/tensorflow/issues/71791,2024-07-13T01:03:29Z
tensorflow,https://github.com/tensorflow/tensorflow/issues/71744,2024-07-12T12:24:35Z
tensorflow,https://github.com/tensorflow/tensorflow/issues/71577,2024-07-10T15:18:35Z
tensorflow,https://github.com/tensorflow/tensorflow/issues/71564,2024-07-10T11:55:05Z
tensorflow,https://github.com/tensorflow/tensorflow/pull/71175,2024-07-09T09:36:22Z
tensorflow,https://github.com/tensorflow/tensorflow/issues/70802,2024-07-03T13:30:53Z
tensorflow,https://github.com/tensorflow/tensorflow/issues/70726,2024-07-02T07:49:11Z
tensorflow,https://github.com/tensorflow/tensorflow/issues/70672,2024-07-01T06:09:26Z
tensorflow,https://github.com/tensorflow/tensorflow/issues/70664,2024-06-30T17:22:18Z
tensorflow,https://github.com/tensorflow/tensorflow/issues/70394,2024-06-25T21:48:35Z
tensorflow,https://github.com/tensorflow/tensorflow/issues/70343,2024-06-25T10:15:06Z
tensorflow,https://github.com/tensorflow/tensorflow/issues/70316,2024-06-24T23:46:57Z
tensorflow,https://github.com/tensorflow/tensorflow/issues/70311,2024-06-24T22:48:34Z
tensorflow,https://github.com/tensorflow/tensorflow/issues/70101,2024-06-20T12:52:32Z
tensorflow,https://github.com/tensorflow/tensorflow/pull/70054,2024-06-19T15:01:04Z
tensorflow,https://github.com/tensorflow/tensorflow/issues/70051,2024-06-19T14:13:19Z
tensorflow,https://github.com/tensorflow/tensorflow/issues/69984,2024-06-18T18:56:48Z
tensorflow,https://github.com/tensorflow/tensorflow/issues/69974,2024-06-18T16:54:43Z
tensorflow,https://github.com/tensorflow/tensorflow/issues/69827,2024-06-15T13:23:19Z
tensorflow,https://github.com/tensorflow/tensorflow/issues/69777,2024-06-14T13:24:10Z
tensorflow,https://github.com/tensorflow/tensorflow/issues/69734,2024-06-13T20:55:44Z
tensorflow,https://github.com/tensorflow/tensorflow/issues/69719,2024-06-13T18:00:53Z
tensorflow,https://github.com/tensorflow/tensorflow/issues/69702,2024-06-13T15:05:14Z
tensorflow,https://github.com/tensorflow/tensorflow/issues/69700,2024-06-13T14:38:21Z
tensorflow,https://github.com/tensorflow/tensorflow/issues/69699,2024-06-13T14:35:21Z
tensorflow,https://github.com/tensorflow/tensorflow/issues/69674,2024-06-13T07:23:50Z
tensorflow,https://github.com/tensorflow/tensorflow/issues/69598,2024-06-12T13:17:17Z
tensorflow,https://github.com/tensorflow/tensorflow/issues/69595,2024-06-12T12:44:00Z
tensorflow,https://github.com/tensorflow/tensorflow/issues/69471,2024-06-10T13:24:51Z
tensorflow,https://github.com/tensorflow/tensorflow/issues/69455,2024-06-10T03:32:42Z
tensorflow,https://github.com/tensorflow/tensorflow/pull/69391,2024-06-07T17:18:54Z
tensorflow,https://github.com/tensorflow/tensorflow/issues/69322,2024-06-06T14:30:10Z
tensorflow,https://github.com/tensorflow/tensorflow/issues/69286,2024-06-06T01:24:46Z
tensorflow,https://github.com/tensorflow/tensorflow/issues/69285,2024-06-06T01:19:37Z
tensorflow,https://github.com/tensorflow/tensorflow/issues/69284,2024-06-06T01:15:35Z
tensorflow,https://github.com/tensorflow/tensorflow/issues/69283,2024-06-06T01:10:53Z
tensorflow,https://github.com/tensorflow/tensorflow/issues/69281,2024-06-06T01:07:46Z
tensorflow,https://github.com/tensorflow/tensorflow/issues/69279,2024-06-06T01:01:58Z
tensorflow,https://github.com/tensorflow/tensorflow/issues/69278,2024-06-06T00:53:19Z
tensorflow,https://github.com/tensorflow/tensorflow/issues/69220,2024-06-05T10:42:09Z
tensorflow,https://github.com/tensorflow/tensorflow/issues/69213,2024-06-05T09:19:56Z
tensorflow,https://github.com/tensorflow/tensorflow/issues/68966,2024-05-31T18:31:05Z
tensorflow,https://github.com/tensorflow/tensorflow/issues/68836,2024-05-29T19:33:25Z
tensorflow,https://github.com/tensorflow/tensorflow/issues/68806,2024-05-29T14:06:36Z
tensorflow,https://github.com/tensorflow/tensorflow/issues/68593,2024-05-24T11:24:11Z
tensorflow,https://github.com/tensorflow/tensorflow/pull/68488,2024-05-23T01:56:27Z
tensorflow,https://github.com/tensorflow/tensorflow/issues/68319,2024-05-21T07:27:49Z
tensorflow,https://github.com/tensorflow/tensorflow/issues/68308,2024-05-21T03:13:13Z
tensorflow,https://github.com/tensorflow/tensorflow/issues/68217,2024-05-18T15:26:10Z
tensorflow,https://github.com/tensorflow/tensorflow/issues/68215,2024-05-18T14:09:09Z
tensorflow,https://github.com/tensorflow/tensorflow/issues/68196,2024-05-18T04:43:28Z
tensorflow,https://github.com/tensorflow/tensorflow/pull/67866,2024-05-17T19:02:16Z
tensorflow,https://github.com/tensorflow/tensorflow/issues/67699,2024-05-16T00:21:52Z
tensorflow,https://github.com/tensorflow/tensorflow/pull/67688,2024-05-15T22:37:29Z
tensorflow,https://github.com/tensorflow/tensorflow/issues/67626,2024-05-15T09:47:39Z
tensorflow,https://github.com/tensorflow/tensorflow/issues/67551,2024-05-14T12:28:06Z
tensorflow,https://github.com/tensorflow/tensorflow/issues/67529,2024-05-14T08:39:21Z
tensorflow,https://github.com/tensorflow/tensorflow/issues/67528,2024-05-14T08:30:42Z
tensorflow,https://github.com/tensorflow/tensorflow/issues/67527,2024-05-14T08:23:10Z
tensorflow,https://github.com/tensorflow/tensorflow/issues/67440,2024-05-13T12:05:08Z
tensorflow,https://github.com/tensorflow/tensorflow/issues/67216,2024-05-09T03:06:22Z
tensorflow,https://github.com/tensorflow/tensorflow/issues/67033,2024-05-06T17:46:32Z
tensorflow,https://github.com/tensorflow/tensorflow/issues/67023,2024-05-06T14:57:57Z
tensorflow,https://github.com/tensorflow/tensorflow/issues/66985,2024-05-05T05:49:49Z
tensorflow,https://github.com/tensorflow/tensorflow/issues/66979,2024-05-04T19:19:50Z
tensorflow,https://github.com/tensorflow/tensorflow/issues/66768,2024-05-01T04:08:30Z
tensorflow,https://github.com/tensorflow/tensorflow/issues/66766,2024-05-01T03:53:11Z
tensorflow,https://github.com/tensorflow/tensorflow/issues/66765,2024-05-01T03:50:23Z
tensorflow,https://github.com/tensorflow/tensorflow/issues/66764,2024-05-01T03:46:46Z
tensorflow,https://github.com/tensorflow/tensorflow/issues/66763,2024-05-01T03:41:25Z
tensorflow,https://github.com/tensorflow/tensorflow/issues/66762,2024-05-01T03:37:18Z
tensorflow,https://github.com/tensorflow/tensorflow/issues/66761,2024-05-01T03:33:03Z
tensorflow,https://github.com/tensorflow/tensorflow/issues/66759,2024-05-01T03:16:02Z
tensorflow,https://github.com/tensorflow/tensorflow/issues/66758,2024-05-01T03:05:19Z
tensorflow,https://github.com/tensorflow/tensorflow/issues/66757,2024-05-01T02:59:49Z
tensorflow,https://github.com/tensorflow/tensorflow/issues/66740,2024-04-30T22:23:44Z
tensorflow,https://github.com/tensorflow/tensorflow/issues/66721,2024-04-30T17:44:14Z
tensorflow,https://github.com/tensorflow/tensorflow/issues/66583,2024-04-28T09:40:56Z
tensorflow,https://github.com/tensorflow/tensorflow/pull/66471,2024-04-25T20:51:12Z
tensorflow,https://github.com/tensorflow/tensorflow/issues/66410,2024-04-24T23:48:35Z
tensorflow,https://github.com/tensorflow/tensorflow/issues/66347,2024-04-24T01:32:40Z
tensorflow,https://github.com/tensorflow/tensorflow/issues/66212,2024-04-22T14:48:54Z
tensorflow,https://github.com/tensorflow/tensorflow/issues/66174,2024-04-22T02:27:21Z
tensorflow,https://github.com/tensorflow/tensorflow/issues/66115,2024-04-19T22:45:12Z
tensorflow,https://github.com/tensorflow/tensorflow/issues/66025,2024-04-18T20:40:06Z
tensorflow,https://github.com/tensorflow/tensorflow/issues/65988,2024-04-18T09:41:03Z
tensorflow,https://github.com/tensorflow/tensorflow/pull/65942,2024-04-17T16:00:11Z
tensorflow,https://github.com/tensorflow/tensorflow/issues/65935,2024-04-17T13:20:33Z
tensorflow,https://github.com/tensorflow/tensorflow/issues/65871,2024-04-16T19:18:25Z
tensorflow,https://github.com/tensorflow/tensorflow/issues/65868,2024-04-16T19:07:33Z
tensorflow,https://github.com/tensorflow/tensorflow/issues/65866,2024-04-16T18:52:12Z
tensorflow,https://github.com/tensorflow/tensorflow/issues/65864,2024-04-16T18:32:12Z
tensorflow,https://github.com/tensorflow/tensorflow/issues/65862,2024-04-16T18:14:07Z
tensorflow,https://github.com/tensorflow/tensorflow/issues/65835,2024-04-16T10:53:07Z
tensorflow,https://github.com/tensorflow/tensorflow/issues/65793,2024-04-16T05:25:05Z
tensorflow,https://github.com/tensorflow/tensorflow/issues/65791,2024-04-16T05:10:26Z
tensorflow,https://github.com/tensorflow/tensorflow/issues/65790,2024-04-16T05:05:06Z
tensorflow,https://github.com/tensorflow/tensorflow/issues/65785,2024-04-16T04:43:40Z
tensorflow,https://github.com/tensorflow/tensorflow/issues/65783,2024-04-16T04:35:16Z
tensorflow,https://github.com/tensorflow/tensorflow/issues/65736,2024-04-15T17:12:56Z
tensorflow,https://github.com/tensorflow/tensorflow/issues/65735,2024-04-15T17:11:05Z
tensorflow,https://github.com/tensorflow/tensorflow/issues/65733,2024-04-15T16:58:23Z
tensorflow,https://github.com/tensorflow/tensorflow/issues/65732,2024-04-15T16:19:28Z
tensorflow,https://github.com/tensorflow/tensorflow/issues/65731,2024-04-15T16:04:05Z
tensorflow,https://github.com/tensorflow/tensorflow/issues/65729,2024-04-15T15:35:53Z
tensorflow,https://github.com/tensorflow/tensorflow/issues/65728,2024-04-15T15:09:23Z
tensorflow,https://github.com/tensorflow/tensorflow/issues/65727,2024-04-15T14:50:33Z
tensorflow,https://github.com/tensorflow/tensorflow/issues/65724,2024-04-15T14:40:25Z
tensorflow,https://github.com/tensorflow/tensorflow/issues/65721,2024-04-15T12:48:08Z
tensorflow,https://github.com/tensorflow/tensorflow/issues/65675,2024-04-14T19:02:53Z
tensorflow,https://github.com/tensorflow/tensorflow/issues/65674,2024-04-14T17:41:03Z
tensorflow,https://github.com/tensorflow/tensorflow/issues/65673,2024-04-14T17:33:52Z
tensorflow,https://github.com/tensorflow/tensorflow/issues/65672,2024-04-14T17:14:00Z
tensorflow,https://github.com/tensorflow/tensorflow/issues/65671,2024-04-14T16:46:04Z
tensorflow,https://github.com/tensorflow/tensorflow/issues/65670,2024-04-14T16:41:30Z
tensorflow,https://github.com/tensorflow/tensorflow/issues/65668,2024-04-14T16:16:43Z
tensorflow,https://github.com/tensorflow/tensorflow/issues/65667,2024-04-14T16:11:54Z
tensorflow,https://github.com/tensorflow/tensorflow/issues/65666,2024-04-14T15:25:42Z
tensorflow,https://github.com/tensorflow/tensorflow/issues/65653,2024-04-14T05:32:07Z
tensorflow,https://github.com/tensorflow/tensorflow/issues/65652,2024-04-14T05:10:59Z
tensorflow,https://github.com/tensorflow/tensorflow/issues/65647,2024-04-14T04:28:10Z
tensorflow,https://github.com/tensorflow/tensorflow/issues/65636,2024-04-13T18:25:26Z
tensorflow,https://github.com/tensorflow/tensorflow/issues/65634,2024-04-13T18:07:22Z
tensorflow,https://github.com/tensorflow/tensorflow/issues/65633,2024-04-13T17:50:28Z
tensorflow,https://github.com/tensorflow/tensorflow/issues/65632,2024-04-13T16:27:05Z
tensorflow,https://github.com/tensorflow/tensorflow/issues/65630,2024-04-13T15:18:37Z
tensorflow,https://github.com/tensorflow/tensorflow/issues/65468,2024-04-11T16:29:04Z
tensorflow,https://github.com/tensorflow/tensorflow/issues/65436,2024-04-11T03:57:52Z
tensorflow,https://github.com/tensorflow/tensorflow/issues/65409,2024-04-10T13:27:25Z
tensorflow,https://github.com/tensorflow/tensorflow/issues/65379,2024-04-10T06:56:36Z
tensorflow,https://github.com/tensorflow/tensorflow/issues/65256,2024-04-08T19:12:39Z
tensorflow,https://github.com/tensorflow/tensorflow/issues/65120,2024-04-05T12:49:16Z
tensorflow,https://github.com/tensorflow/tensorflow/issues/65002,2024-04-03T17:03:51Z
tensorflow,https://github.com/tensorflow/tensorflow/issues/64928,2024-04-02T17:03:12Z
tensorflow,https://github.com/tensorflow/tensorflow/issues/64923,2024-04-02T15:36:54Z
tensorflow,https://github.com/tensorflow/tensorflow/issues/64917,2024-04-02T12:46:59Z
tensorflow,https://github.com/tensorflow/tensorflow/issues/64681,2024-03-28T16:15:23Z
tensorflow,https://github.com/tensorflow/tensorflow/issues/64655,2024-03-28T07:38:24Z
tensorflow,https://github.com/tensorflow/tensorflow/issues/64576,2024-03-27T09:16:13Z
tensorflow,https://github.com/tensorflow/tensorflow/pull/64543,2024-03-26T21:36:50Z
tensorflow,https://github.com/tensorflow/tensorflow/issues/64396,2024-03-25T07:25:12Z
tensorflow,https://github.com/tensorflow/tensorflow/issues/64372,2024-03-23T23:27:55Z
tensorflow,https://github.com/tensorflow/tensorflow/issues/64349,2024-03-23T08:43:08Z
tensorflow,https://github.com/tensorflow/tensorflow/issues/64256,2024-03-22T05:21:16Z
tensorflow,https://github.com/tensorflow/tensorflow/issues/64225,2024-03-21T21:30:58Z
tensorflow,https://github.com/tensorflow/tensorflow/issues/64170,2024-03-21T14:13:08Z
tensorflow,https://github.com/tensorflow/tensorflow/issues/64081,2024-03-20T20:15:57Z
tensorflow,https://github.com/tensorflow/tensorflow/pull/64044,2024-03-20T13:49:35Z
tensorflow,https://github.com/tensorflow/tensorflow/issues/63937,2024-03-19T02:26:44Z
tensorflow,https://github.com/tensorflow/tensorflow/issues/63860,2024-03-18T12:26:37Z
tensorflow,https://github.com/tensorflow/tensorflow/issues/63853,2024-03-17T20:17:06Z
tensorflow,https://github.com/tensorflow/tensorflow/issues/63849,2024-03-17T11:08:55Z
tensorflow,https://github.com/tensorflow/tensorflow/issues/63848,2024-03-17T08:26:25Z
tensorflow,https://github.com/tensorflow/tensorflow/issues/63785,2024-03-15T08:09:48Z
tensorflow,https://github.com/tensorflow/tensorflow/issues/63721,2024-03-14T15:59:00Z
tensorflow,https://github.com/tensorflow/tensorflow/issues/63720,2024-03-14T15:57:19Z
tensorflow,https://github.com/tensorflow/tensorflow/issues/63702,2024-03-14T09:43:31Z
tensorflow,https://github.com/tensorflow/tensorflow/issues/63697,2024-03-14T05:57:34Z
tensorflow,https://github.com/tensorflow/tensorflow/issues/63696,2024-03-14T05:55:30Z
tensorflow,https://github.com/tensorflow/tensorflow/issues/63693,2024-03-14T05:50:58Z
tensorflow,https://github.com/tensorflow/tensorflow/issues/63691,2024-03-14T05:48:39Z
tensorflow,https://github.com/tensorflow/tensorflow/issues/63689,2024-03-14T05:41:47Z
tensorflow,https://github.com/tensorflow/tensorflow/issues/63685,2024-03-14T05:16:01Z
tensorflow,https://github.com/tensorflow/tensorflow/issues/63643,2024-03-13T19:26:58Z
tensorflow,https://github.com/tensorflow/tensorflow/issues/63632,2024-03-13T18:29:08Z
tensorflow,https://github.com/tensorflow/tensorflow/issues/63548,2024-03-12T19:52:24Z
tensorflow,https://github.com/tensorflow/tensorflow/pull/63542,2024-03-12T18:28:22Z
tensorflow,https://github.com/tensorflow/tensorflow/issues/63392,2024-03-11T07:27:07Z
tensorflow,https://github.com/tensorflow/tensorflow/issues/63380,2024-03-10T15:00:49Z
tensorflow,https://github.com/tensorflow/tensorflow/issues/63378,2024-03-10T14:57:36Z
tensorflow,https://github.com/tensorflow/tensorflow/issues/63376,2024-03-10T14:51:07Z
tensorflow,https://github.com/tensorflow/tensorflow/issues/63355,2024-03-09T15:03:18Z
tensorflow,https://github.com/tensorflow/tensorflow/issues/63353,2024-03-09T14:54:40Z
tensorflow,https://github.com/tensorflow/tensorflow/issues/63352,2024-03-09T14:50:26Z
tensorflow,https://github.com/tensorflow/tensorflow/issues/63337,2024-03-09T03:15:46Z
tensorflow,https://github.com/tensorflow/tensorflow/issues/63271,2024-03-08T08:28:07Z
tensorflow,https://github.com/tensorflow/tensorflow/issues/63209,2024-03-07T17:32:48Z
tensorflow,https://github.com/tensorflow/tensorflow/pull/63113,2024-03-04T14:21:30Z
tensorflow,https://github.com/tensorflow/tensorflow/issues/63112,2024-03-04T09:22:05Z
tensorflow,https://github.com/tensorflow/tensorflow/pull/63086,2024-02-29T05:43:15Z
tensorflow,https://github.com/tensorflow/tensorflow/issues/63070,2024-02-27T13:06:46Z
tensorflow,https://github.com/tensorflow/tensorflow/issues/63069,2024-02-27T12:44:00Z
tensorflow,https://github.com/tensorflow/tensorflow/issues/63067,2024-02-27T11:12:14Z
tensorflow,https://github.com/tensorflow/tensorflow/issues/63066,2024-02-27T10:56:31Z
tensorflow,https://github.com/tensorflow/tensorflow/pull/63064,2024-02-27T10:48:15Z
tensorflow,https://github.com/tensorflow/tensorflow/issues/63063,2024-02-27T10:11:25Z
tensorflow,https://github.com/tensorflow/tensorflow/issues/63062,2024-02-27T09:52:15Z
tensorflow,https://github.com/tensorflow/tensorflow/pull/63054,2024-02-26T12:51:22Z
tensorflow,https://github.com/tensorflow/tensorflow/issues/63044,2024-02-24T20:39:20Z
tensorflow,https://github.com/tensorflow/tensorflow/issues/63042,2024-02-24T00:58:12Z
tensorflow,https://github.com/tensorflow/tensorflow/issues/63034,2024-02-23T13:29:12Z
tensorflow,https://github.com/tensorflow/tensorflow/issues/63033,2024-02-23T13:09:32Z
tensorflow,https://github.com/tensorflow/tensorflow/pull/62998,2024-02-20T14:11:02Z
tensorflow,https://github.com/tensorflow/tensorflow/issues/62995,2024-02-20T10:39:53Z
tensorflow,https://github.com/tensorflow/tensorflow/issues/62987,2024-02-18T02:51:35Z
tensorflow,https://github.com/tensorflow/tensorflow/issues/62985,2024-02-17T18:19:19Z
tensorflow,https://github.com/tensorflow/tensorflow/issues/62983,2024-02-17T17:48:24Z
tensorflow,https://github.com/tensorflow/tensorflow/issues/62982,2024-02-17T17:39:07Z
tensorflow,https://github.com/tensorflow/tensorflow/issues/62969,2024-02-15T07:24:02Z
tensorflow,https://github.com/tensorflow/tensorflow/issues/62927,2024-02-09T05:34:22Z
tensorflow,https://github.com/tensorflow/tensorflow/issues/62917,2024-02-07T15:08:07Z
tensorflow,https://github.com/tensorflow/tensorflow/issues/62867,2024-01-30T02:18:21Z
tensorflow,https://github.com/tensorflow/tensorflow/issues/62861,2024-01-29T09:22:38Z
tensorflow,https://github.com/tensorflow/tensorflow/issues/62859,2024-01-28T23:20:51Z
tensorflow,https://github.com/tensorflow/tensorflow/issues/62854,2024-01-27T05:06:09Z
tensorflow,https://github.com/tensorflow/tensorflow/issues/62853,2024-01-26T22:22:05Z
tensorflow,https://github.com/tensorflow/tensorflow/issues/62847,2024-01-25T20:19:45Z
tensorflow,https://github.com/tensorflow/tensorflow/issues/62838,2024-01-24T08:24:36Z
tensorflow,https://github.com/tensorflow/tensorflow/pull/62807,2024-01-17T10:53:41Z
tensorflow,https://github.com/tensorflow/tensorflow/issues/62796,2024-01-15T14:56:06Z
tensorflow,https://github.com/tensorflow/tensorflow/issues/62793,2024-01-15T04:24:51Z
tensorflow,https://github.com/tensorflow/tensorflow/issues/62788,2024-01-13T17:07:04Z
tensorflow,https://github.com/tensorflow/tensorflow/issues/62786,2024-01-12T02:08:44Z
tensorflow,https://github.com/tensorflow/tensorflow/issues/62783,2024-01-11T12:16:19Z
tensorflow,https://github.com/tensorflow/tensorflow/issues/62778,2024-01-11T02:23:23Z
tensorflow,https://github.com/tensorflow/tensorflow/issues/62775,2024-01-10T10:14:31Z
tensorflow,https://github.com/tensorflow/tensorflow/issues/62769,2024-01-09T18:02:52Z
tensorflow,https://github.com/tensorflow/tensorflow/issues/62767,2024-01-09T10:13:42Z
tensorflow,https://github.com/tensorflow/tensorflow/issues/62757,2024-01-08T13:54:59Z
tensorflow,https://github.com/tensorflow/tensorflow/issues/62732,2024-01-03T22:23:21Z
tensorflow,https://github.com/tensorflow/tensorflow/issues/62729,2024-01-03T17:32:40Z
tensorflow,https://github.com/tensorflow/tensorflow/issues/62710,2023-12-30T12:51:12Z
tensorflow,https://github.com/tensorflow/tensorflow/issues/62703,2023-12-28T12:20:44Z
tensorflow,https://github.com/tensorflow/tensorflow/issues/62701,2023-12-27T14:16:18Z
tensorflow,https://github.com/tensorflow/tensorflow/pull/62694,2023-12-26T09:07:08Z
tensorflow,https://github.com/tensorflow/tensorflow/issues/62687,2023-12-24T05:14:53Z
tensorflow,https://github.com/tensorflow/tensorflow/issues/62666,2023-12-19T16:04:53Z
tensorflow,https://github.com/tensorflow/tensorflow/issues/62664,2023-12-19T09:29:22Z
tensorflow,https://github.com/tensorflow/tensorflow/issues/62653,2023-12-16T15:11:42Z
tensorflow,https://github.com/tensorflow/tensorflow/issues/62643,2023-12-15T09:31:05Z
tensorflow,https://github.com/tensorflow/tensorflow/issues/62631,2023-12-13T19:51:16Z
tensorflow,https://github.com/tensorflow/tensorflow/issues/62603,2023-12-09T14:54:43Z
tensorflow,https://github.com/tensorflow/tensorflow/issues/62600,2023-12-08T22:10:08Z
tensorflow,https://github.com/tensorflow/tensorflow/issues/62577,2023-12-06T14:57:47Z
tensorflow,https://github.com/tensorflow/tensorflow/issues/62571,2023-12-05T08:52:11Z
tensorflow,https://github.com/tensorflow/tensorflow/pull/62568,2023-12-05T02:23:04Z
tensorflow,https://github.com/tensorflow/tensorflow/issues/62558,2023-12-04T01:46:32Z
tensorflow,https://github.com/tensorflow/tensorflow/issues/62551,2023-12-03T16:39:19Z
tensorflow,https://github.com/tensorflow/tensorflow/issues/62528,2023-12-01T16:18:38Z
tensorflow,https://github.com/tensorflow/tensorflow/issues/62523,2023-12-01T09:22:59Z
tensorflow,https://github.com/tensorflow/tensorflow/issues/62519,2023-11-30T18:23:14Z
tensorflow,https://github.com/tensorflow/tensorflow/issues/62514,2023-11-30T13:59:55Z
tensorflow,https://github.com/tensorflow/tensorflow/issues/62510,2023-11-30T11:36:18Z
tensorflow,https://github.com/tensorflow/tensorflow/issues/62509,2023-11-30T09:59:49Z
tensorflow,https://github.com/tensorflow/tensorflow/issues/62508,2023-11-30T09:57:19Z
tensorflow,https://github.com/tensorflow/tensorflow/issues/62506,2023-11-30T02:33:49Z
tensorflow,https://github.com/tensorflow/tensorflow/issues/62504,2023-11-29T19:27:17Z
tensorflow,https://github.com/tensorflow/tensorflow/issues/62488,2023-11-27T18:42:58Z
tensorflow,https://github.com/tensorflow/tensorflow/issues/62486,2023-11-27T16:30:24Z
tensorflow,https://github.com/tensorflow/tensorflow/issues/62483,2023-11-27T11:41:57Z
tensorflow,https://github.com/tensorflow/tensorflow/issues/62481,2023-11-27T08:36:40Z
tensorflow,https://github.com/tensorflow/tensorflow/issues/62477,2023-11-26T16:09:08Z
tensorflow,https://github.com/tensorflow/tensorflow/issues/62463,2023-11-23T09:15:07Z
tensorflow,https://github.com/tensorflow/tensorflow/issues/62451,2023-11-21T15:08:06Z
tensorflow,https://github.com/tensorflow/tensorflow/issues/62441,2023-11-20T15:51:19Z
tensorflow,https://github.com/tensorflow/tensorflow/issues/62436,2023-11-20T02:34:24Z
tensorflow,https://github.com/tensorflow/tensorflow/issues/62435,2023-11-19T12:58:32Z
tensorflow,https://github.com/tensorflow/tensorflow/issues/62434,2023-11-19T12:24:23Z
tensorflow,https://github.com/tensorflow/tensorflow/issues/62433,2023-11-19T12:00:24Z
tensorflow,https://github.com/tensorflow/tensorflow/issues/62432,2023-11-19T11:44:12Z
tensorflow,https://github.com/tensorflow/tensorflow/issues/62431,2023-11-19T09:33:39Z
tensorflow,https://github.com/tensorflow/tensorflow/issues/62429,2023-11-19T08:38:35Z
tensorflow,https://github.com/tensorflow/tensorflow/issues/62427,2023-11-19T03:58:36Z
tensorflow,https://github.com/tensorflow/tensorflow/issues/62425,2023-11-18T14:34:08Z
tensorflow,https://github.com/tensorflow/tensorflow/issues/62423,2023-11-18T10:28:55Z
tensorflow,https://github.com/tensorflow/tensorflow/issues/62422,2023-11-18T08:44:06Z
tensorflow,https://github.com/tensorflow/tensorflow/issues/62421,2023-11-18T07:53:09Z
tensorflow,https://github.com/tensorflow/tensorflow/issues/62420,2023-11-18T06:48:12Z
tensorflow,https://github.com/tensorflow/tensorflow/issues/62419,2023-11-17T21:37:51Z
tensorflow,https://github.com/tensorflow/tensorflow/issues/62414,2023-11-17T12:27:55Z
tensorflow,https://github.com/tensorflow/tensorflow/issues/62399,2023-11-14T23:45:40Z
tensorflow,https://github.com/tensorflow/tensorflow/issues/62395,2023-11-14T15:06:16Z
tensorflow,https://github.com/tensorflow/tensorflow/issues/62391,2023-11-14T07:54:57Z
tensorflow,https://github.com/tensorflow/tensorflow/issues/62367,2023-11-10T18:55:51Z
tensorflow,https://github.com/tensorflow/tensorflow/issues/62361,2023-11-09T02:46:34Z
tensorflow,https://github.com/tensorflow/tensorflow/issues/62337,2023-11-06T17:18:10Z
tensorflow,https://github.com/tensorflow/tensorflow/issues/62280,2023-10-30T12:59:35Z
tensorflow,https://github.com/tensorflow/tensorflow/issues/62263,2023-10-28T02:08:02Z
tensorflow,https://github.com/tensorflow/tensorflow/issues/62244,2023-10-26T21:43:55Z
tensorflow,https://github.com/tensorflow/tensorflow/issues/62220,2023-10-25T07:04:01Z
tensorflow,https://github.com/tensorflow/tensorflow/issues/62217,2023-10-25T01:11:31Z
tensorflow,https://github.com/tensorflow/tensorflow/issues/62214,2023-10-24T16:39:45Z
tensorflow,https://github.com/tensorflow/tensorflow/issues/62205,2023-10-24T08:24:07Z
tensorflow,https://github.com/tensorflow/tensorflow/issues/62196,2023-10-23T14:01:58Z
tensorflow,https://github.com/tensorflow/tensorflow/issues/62193,2023-10-22T13:16:25Z
tensorflow,https://github.com/tensorflow/tensorflow/issues/62191,2023-10-21T01:55:21Z
tensorflow,https://github.com/tensorflow/tensorflow/issues/62184,2023-10-20T13:29:03Z
tensorflow,https://github.com/tensorflow/tensorflow/issues/62174,2023-10-19T12:34:32Z
tensorflow,https://github.com/tensorflow/tensorflow/issues/62173,2023-10-19T11:27:34Z
tensorflow,https://github.com/tensorflow/tensorflow/issues/62171,2023-10-19T09:39:50Z
tensorflow,https://github.com/tensorflow/tensorflow/issues/62169,2023-10-19T06:26:51Z
tensorflow,https://github.com/tensorflow/tensorflow/issues/62168,2023-10-19T06:23:32Z
tensorflow,https://github.com/tensorflow/tensorflow/issues/62167,2023-10-19T06:20:18Z
tensorflow,https://github.com/tensorflow/tensorflow/issues/62166,2023-10-19T06:16:31Z
tensorflow,https://github.com/tensorflow/tensorflow/issues/62165,2023-10-19T03:28:57Z
tensorflow,https://github.com/tensorflow/tensorflow/issues/62164,2023-10-19T03:23:05Z
tensorflow,https://github.com/tensorflow/tensorflow/issues/62163,2023-10-19T03:18:32Z
tensorflow,https://github.com/tensorflow/tensorflow/issues/62162,2023-10-19T03:12:22Z
tensorflow,https://github.com/tensorflow/tensorflow/issues/62161,2023-10-19T03:08:24Z
tensorflow,https://github.com/tensorflow/tensorflow/issues/62160,2023-10-19T03:03:34Z
tensorflow,https://github.com/tensorflow/tensorflow/issues/62159,2023-10-19T02:49:08Z
tensorflow,https://github.com/tensorflow/tensorflow/issues/62146,2023-10-18T05:32:47Z
tensorflow,https://github.com/tensorflow/tensorflow/issues/62120,2023-10-16T11:10:13Z
tensorflow,https://github.com/tensorflow/tensorflow/issues/62100,2023-10-12T13:41:59Z
tensorflow,https://github.com/tensorflow/tensorflow/issues/62089,2023-10-11T12:42:52Z
tensorflow,https://github.com/tensorflow/tensorflow/issues/62082,2023-10-10T22:43:01Z
tensorflow,https://github.com/tensorflow/tensorflow/issues/62075,2023-10-09T18:57:10Z
tensorflow,https://github.com/tensorflow/tensorflow/issues/62070,2023-10-09T08:36:40Z
tensorflow,https://github.com/tensorflow/tensorflow/issues/62053,2023-10-05T09:51:32Z
tensorflow,https://github.com/tensorflow/tensorflow/issues/62018,2023-09-29T17:59:57Z
tensorflow,https://github.com/tensorflow/tensorflow/issues/62014,2023-09-29T11:18:44Z
tensorflow,https://github.com/tensorflow/tensorflow/issues/62006,2023-09-28T15:49:30Z
tensorflow,https://github.com/tensorflow/tensorflow/issues/62004,2023-09-28T14:07:56Z
tensorflow,https://github.com/tensorflow/tensorflow/issues/62002,2023-09-28T11:21:50Z
tensorflow,https://github.com/tensorflow/tensorflow/issues/61965,2023-09-23T19:51:17Z
tensorflow,https://github.com/tensorflow/tensorflow/issues/61946,2023-09-22T02:19:24Z
tensorflow,https://github.com/tensorflow/tensorflow/issues/61942,2023-09-21T16:51:08Z
tensorflow,https://github.com/tensorflow/tensorflow/issues/61916,2023-09-19T13:54:42Z
tensorflow,https://github.com/tensorflow/tensorflow/issues/61912,2023-09-19T10:48:34Z
tensorflow,https://github.com/tensorflow/tensorflow/issues/61911,2023-09-19T10:21:44Z
tensorflow,https://github.com/tensorflow/tensorflow/issues/61907,2023-09-19T05:37:10Z
tensorflow,https://github.com/tensorflow/tensorflow/issues/61905,2023-09-19T03:52:07Z
tensorflow,https://github.com/tensorflow/tensorflow/issues/61902,2023-09-19T03:35:38Z
tensorflow,https://github.com/tensorflow/tensorflow/issues/61899,2023-09-18T19:42:59Z
tensorflow,https://github.com/tensorflow/tensorflow/issues/61885,2023-09-18T01:07:56Z
tensorflow,https://github.com/tensorflow/tensorflow/issues/61884,2023-09-17T18:49:54Z
tensorflow,https://github.com/tensorflow/tensorflow/issues/61882,2023-09-17T02:11:14Z
tensorflow,https://github.com/tensorflow/tensorflow/issues/61881,2023-09-16T21:02:17Z
tensorflow,https://github.com/tensorflow/tensorflow/issues/61879,2023-09-15T23:55:07Z
tensorflow,https://github.com/tensorflow/tensorflow/issues/61870,2023-09-15T08:10:02Z
tensorflow,https://github.com/tensorflow/tensorflow/issues/61869,2023-09-15T07:17:15Z
tensorflow,https://github.com/tensorflow/tensorflow/issues/61866,2023-09-14T17:44:28Z
tensorflow,https://github.com/tensorflow/tensorflow/issues/61862,2023-09-14T15:39:18Z
tensorflow,https://github.com/tensorflow/tensorflow/issues/61861,2023-09-14T13:33:11Z
tensorflow,https://github.com/tensorflow/tensorflow/issues/61856,2023-09-13T21:09:29Z
tensorflow,https://github.com/tensorflow/tensorflow/issues/61854,2023-09-13T10:38:40Z
tensorflow,https://github.com/tensorflow/tensorflow/issues/61827,2023-09-10T15:58:12Z
tensorflow,https://github.com/tensorflow/tensorflow/issues/61826,2023-09-10T15:54:18Z
tensorflow,https://github.com/tensorflow/tensorflow/issues/61820,2023-09-09T09:40:31Z
tensorflow,https://github.com/tensorflow/tensorflow/issues/61815,2023-09-08T14:16:17Z
tensorflow,https://github.com/tensorflow/tensorflow/issues/61814,2023-09-08T08:32:32Z
tensorflow,https://github.com/tensorflow/tensorflow/issues/61808,2023-09-07T09:13:10Z
tensorflow,https://github.com/tensorflow/tensorflow/issues/61800,2023-09-06T11:59:27Z
tensorflow,https://github.com/tensorflow/tensorflow/issues/61780,2023-09-03T14:31:11Z
tensorflow,https://github.com/tensorflow/tensorflow/issues/61778,2023-09-03T14:26:52Z
tensorflow,https://github.com/tensorflow/tensorflow/issues/61760,2023-08-31T08:14:44Z
tensorflow,https://github.com/tensorflow/tensorflow/issues/61736,2023-08-28T22:43:16Z
tensorflow,https://github.com/tensorflow/tensorflow/issues/61712,2023-08-27T12:47:18Z
tensorflow,https://github.com/tensorflow/tensorflow/issues/61708,2023-08-26T06:08:07Z
tensorflow,https://github.com/tensorflow/tensorflow/issues/61701,2023-08-25T18:38:43Z
tensorflow,https://github.com/tensorflow/tensorflow/pull/61698,2023-08-25T16:34:05Z
tensorflow,https://github.com/tensorflow/tensorflow/issues/61697,2023-08-25T12:10:11Z
tensorflow,https://github.com/tensorflow/tensorflow/issues/61695,2023-08-25T11:32:23Z
tensorflow,https://github.com/tensorflow/tensorflow/issues/61675,2023-08-23T13:32:23Z
tensorflow,https://github.com/tensorflow/tensorflow/issues/61674,2023-08-23T11:39:06Z
tensorflow,https://github.com/tensorflow/tensorflow/issues/61662,2023-08-21T23:40:13Z
tensorflow,https://github.com/tensorflow/tensorflow/issues/61652,2023-08-21T04:27:24Z
tensorflow,https://github.com/tensorflow/tensorflow/issues/61643,2023-08-19T02:33:17Z
tensorflow,https://github.com/tensorflow/tensorflow/issues/61642,2023-08-19T02:28:18Z
tensorflow,https://github.com/tensorflow/tensorflow/issues/61639,2023-08-18T13:55:11Z
tensorflow,https://github.com/tensorflow/tensorflow/issues/61616,2023-08-17T23:10:29Z
tensorflow,https://github.com/tensorflow/tensorflow/issues/61571,2023-08-15T01:27:36Z
tensorflow,https://github.com/tensorflow/tensorflow/issues/61570,2023-08-15T01:25:50Z
tensorflow,https://github.com/tensorflow/tensorflow/issues/61562,2023-08-14T23:10:46Z
tensorflow,https://github.com/tensorflow/tensorflow/issues/61560,2023-08-14T23:03:24Z
tensorflow,https://github.com/tensorflow/tensorflow/issues/61557,2023-08-14T22:16:47Z
tensorflow,https://github.com/tensorflow/tensorflow/issues/61551,2023-08-14T08:04:11Z
tensorflow,https://github.com/tensorflow/tensorflow/issues/61549,2023-08-14T03:02:13Z
tensorflow,https://github.com/tensorflow/tensorflow/issues/61547,2023-08-13T06:20:08Z
tensorflow,https://github.com/tensorflow/tensorflow/issues/61546,2023-08-13T06:13:49Z
tensorflow,https://github.com/tensorflow/tensorflow/issues/61541,2023-08-13T04:45:46Z
tensorflow,https://github.com/tensorflow/tensorflow/issues/61538,2023-08-13T04:11:20Z
tensorflow,https://github.com/tensorflow/tensorflow/issues/61531,2023-08-12T17:41:26Z
tensorflow,https://github.com/tensorflow/tensorflow/issues/61529,2023-08-12T09:04:02Z
tensorflow,https://github.com/tensorflow/tensorflow/issues/61495,2023-08-07T23:58:50Z
tensorflow,https://github.com/tensorflow/tensorflow/issues/61482,2023-08-04T22:24:18Z
tensorflow,https://github.com/tensorflow/tensorflow/issues/61479,2023-08-04T19:42:31Z
tensorflow,https://github.com/tensorflow/tensorflow/issues/61462,2023-08-03T08:05:54Z
tensorflow,https://github.com/tensorflow/tensorflow/issues/61449,2023-08-02T09:01:20Z
tensorflow,https://github.com/tensorflow/tensorflow/issues/61442,2023-08-01T12:02:55Z
tensorflow,https://github.com/tensorflow/tensorflow/pull/61424,2023-07-28T18:58:23Z
tensorflow,https://github.com/tensorflow/tensorflow/issues/61422,2023-07-28T13:02:04Z
tensorflow,https://github.com/tensorflow/tensorflow/issues/61421,2023-07-28T06:27:06Z
tensorflow,https://github.com/tensorflow/tensorflow/issues/61410,2023-07-27T10:30:43Z
tensorflow,https://github.com/tensorflow/tensorflow/issues/61390,2023-07-25T19:38:25Z
tensorflow,https://github.com/tensorflow/tensorflow/issues/61364,2023-07-24T14:39:54Z
tensorflow,https://github.com/tensorflow/tensorflow/issues/61344,2023-07-20T20:36:51Z
tensorflow,https://github.com/tensorflow/tensorflow/issues/61336,2023-07-20T01:10:25Z
tensorflow,https://github.com/tensorflow/tensorflow/issues/61328,2023-07-19T12:58:52Z
tensorflow,https://github.com/tensorflow/tensorflow/issues/61317,2023-07-18T15:50:06Z
tensorflow,https://github.com/tensorflow/tensorflow/issues/61314,2023-07-18T14:56:01Z
tensorflow,https://github.com/tensorflow/tensorflow/issues/61313,2023-07-18T14:37:30Z
tensorflow,https://github.com/tensorflow/tensorflow/issues/61297,2023-07-17T09:34:24Z
tensorflow,https://github.com/tensorflow/tensorflow/issues/61285,2023-07-15T11:35:56Z
tensorflow,https://github.com/tensorflow/tensorflow/issues/61270,2023-07-13T10:48:41Z
tensorflow,https://github.com/tensorflow/tensorflow/issues/61249,2023-07-12T05:06:25Z
tensorflow,https://github.com/tensorflow/tensorflow/issues/61246,2023-07-11T16:05:56Z
tensorflow,https://github.com/tensorflow/tensorflow/issues/61204,2023-07-06T21:33:14Z
tensorflow,https://github.com/tensorflow/tensorflow/issues/61199,2023-07-06T09:57:20Z
tensorflow,https://github.com/tensorflow/tensorflow/issues/61180,2023-07-05T16:03:35Z
tensorflow,https://github.com/tensorflow/tensorflow/issues/61172,2023-07-04T14:03:34Z
tensorflow,https://github.com/tensorflow/tensorflow/issues/61169,2023-07-04T10:39:13Z
tensorflow,https://github.com/tensorflow/tensorflow/issues/61166,2023-07-03T16:32:51Z
tensorflow,https://github.com/tensorflow/tensorflow/issues/61164,2023-07-03T16:06:21Z
tensorflow,https://github.com/tensorflow/tensorflow/issues/61162,2023-07-03T13:08:00Z
tensorflow,https://github.com/tensorflow/tensorflow/issues/61157,2023-07-03T07:56:16Z
tensorflow,https://github.com/tensorflow/tensorflow/issues/61132,2023-06-30T19:23:24Z
tensorflow,https://github.com/tensorflow/tensorflow/issues/61126,2023-06-30T04:21:02Z
tensorflow,https://github.com/tensorflow/tensorflow/issues/61117,2023-06-28T16:17:39Z
tensorflow,https://github.com/tensorflow/tensorflow/issues/61115,2023-06-28T15:54:29Z
tensorflow,https://github.com/tensorflow/tensorflow/issues/61113,2023-06-28T15:34:17Z
tensorflow,https://github.com/tensorflow/tensorflow/issues/61112,2023-06-28T15:03:57Z
tensorflow,https://github.com/tensorflow/tensorflow/issues/61111,2023-06-28T14:07:42Z
tensorflow,https://github.com/tensorflow/tensorflow/issues/61109,2023-06-28T13:20:03Z
tensorflow,https://github.com/tensorflow/tensorflow/issues/61107,2023-06-28T12:15:43Z
tensorflow,https://github.com/tensorflow/tensorflow/issues/61105,2023-06-28T11:56:02Z
tensorflow,https://github.com/tensorflow/tensorflow/issues/61104,2023-06-28T10:57:28Z
tensorflow,https://github.com/tensorflow/tensorflow/issues/61096,2023-06-27T17:38:43Z
tensorflow,https://github.com/tensorflow/tensorflow/issues/61084,2023-06-26T19:39:17Z
tensorflow,https://github.com/tensorflow/tensorflow/issues/61080,2023-06-26T10:50:30Z
tensorflow,https://github.com/tensorflow/tensorflow/issues/61060,2023-06-22T13:59:15Z
tensorflow,https://github.com/tensorflow/tensorflow/issues/60906,2023-06-17T04:52:55Z
tensorflow,https://github.com/tensorflow/tensorflow/issues/60895,2023-06-16T07:46:52Z
tensorflow,https://github.com/tensorflow/tensorflow/issues/60890,2023-06-15T20:54:26Z
tensorflow,https://github.com/tensorflow/tensorflow/issues/60884,2023-06-15T15:11:18Z
tensorflow,https://github.com/tensorflow/tensorflow/issues/60883,2023-06-15T12:51:29Z
tensorflow,https://github.com/tensorflow/tensorflow/issues/60861,2023-06-14T14:21:08Z
tensorflow,https://github.com/tensorflow/tensorflow/issues/60856,2023-06-14T03:09:42Z
tensorflow,https://github.com/tensorflow/tensorflow/issues/60843,2023-06-12T16:23:43Z
tensorflow,https://github.com/tensorflow/tensorflow/issues/60831,2023-06-10T10:08:54Z
tensorflow,https://github.com/tensorflow/tensorflow/issues/60826,2023-06-09T12:01:54Z
tensorflow,https://github.com/tensorflow/tensorflow/issues/60813,2023-06-08T10:16:56Z
tensorflow,https://github.com/tensorflow/tensorflow/issues/60805,2023-06-07T16:12:49Z
tensorflow,https://github.com/tensorflow/tensorflow/issues/60799,2023-06-07T10:18:58Z
tensorflow,https://github.com/tensorflow/tensorflow/issues/60790,2023-06-06T20:06:53Z
tensorflow,https://github.com/tensorflow/tensorflow/issues/60785,2023-06-06T07:25:18Z
tensorflow,https://github.com/tensorflow/tensorflow/issues/60772,2023-06-03T18:23:30Z
tensorflow,https://github.com/tensorflow/tensorflow/issues/60765,2023-06-02T10:59:11Z
tensorflow,https://github.com/tensorflow/tensorflow/issues/60764,2023-06-02T10:50:29Z
tensorflow,https://github.com/tensorflow/tensorflow/issues/60760,2023-06-02T04:15:37Z
tensorflow,https://github.com/tensorflow/tensorflow/issues/60759,2023-06-02T03:48:27Z
tensorflow,https://github.com/tensorflow/tensorflow/issues/60758,2023-06-02T03:41:51Z
tensorflow,https://github.com/tensorflow/tensorflow/issues/60757,2023-06-02T03:22:05Z
tensorflow,https://github.com/tensorflow/tensorflow/issues/60756,2023-06-02T03:14:31Z
tensorflow,https://github.com/tensorflow/tensorflow/issues/60732,2023-05-30T22:11:27Z
tensorflow,https://github.com/tensorflow/tensorflow/issues/60718,2023-05-27T22:40:40Z
tensorflow,https://github.com/tensorflow/tensorflow/issues/60715,2023-05-26T17:59:07Z
tensorflow,https://github.com/tensorflow/tensorflow/issues/60714,2023-05-26T17:33:07Z
tensorflow,https://github.com/tensorflow/tensorflow/issues/60710,2023-05-25T18:52:03Z
tensorflow,https://github.com/tensorflow/tensorflow/pull/60701,2023-05-25T00:02:58Z
tensorflow,https://github.com/tensorflow/tensorflow/issues/60695,2023-05-24T17:14:14Z
tensorflow,https://github.com/tensorflow/tensorflow/issues/60687,2023-05-24T09:25:30Z
tensorflow,https://github.com/tensorflow/tensorflow/issues/60679,2023-05-23T16:40:28Z
tensorflow,https://github.com/tensorflow/tensorflow/issues/60670,2023-05-23T09:42:28Z
tensorflow,https://github.com/tensorflow/tensorflow/issues/60654,2023-05-22T09:00:53Z
tensorflow,https://github.com/tensorflow/tensorflow/issues/60642,2023-05-19T20:26:46Z
tensorflow,https://github.com/tensorflow/tensorflow/issues/60629,2023-05-18T15:22:49Z
tensorflow,https://github.com/tensorflow/tensorflow/issues/60628,2023-05-18T15:11:22Z
tensorflow,https://github.com/tensorflow/tensorflow/issues/60621,2023-05-18T01:53:41Z
tensorflow,https://github.com/tensorflow/tensorflow/issues/60619,2023-05-18T01:47:55Z
tensorflow,https://github.com/tensorflow/tensorflow/issues/60599,2023-05-15T14:54:49Z
tensorflow,https://github.com/tensorflow/tensorflow/issues/60583,2023-05-12T10:16:39Z
tensorflow,https://github.com/tensorflow/tensorflow/issues/60549,2023-05-09T20:14:39Z
tensorflow,https://github.com/tensorflow/tensorflow/issues/60547,2023-05-09T19:42:32Z
tensorflow,https://github.com/tensorflow/tensorflow/issues/60534,2023-05-08T15:21:53Z
tensorflow,https://github.com/tensorflow/tensorflow/issues/60521,2023-05-06T09:03:07Z
tensorflow,https://github.com/tensorflow/tensorflow/issues/60485,2023-05-03T16:51:04Z
tensorflow,https://github.com/tensorflow/tensorflow/issues/60472,2023-05-02T16:34:56Z
tensorflow,https://github.com/tensorflow/tensorflow/issues/60470,2023-05-02T14:45:33Z
tensorflow,https://github.com/tensorflow/tensorflow/issues/60468,2023-05-02T13:48:05Z
tensorflow,https://github.com/tensorflow/tensorflow/issues/60458,2023-05-01T14:17:26Z
tensorflow,https://github.com/tensorflow/tensorflow/issues/60438,2023-04-29T03:41:12Z
tensorflow,https://github.com/tensorflow/tensorflow/issues/60431,2023-04-28T12:19:38Z
tensorflow,https://github.com/tensorflow/tensorflow/issues/60406,2023-04-24T04:07:40Z
tensorflow,https://github.com/tensorflow/tensorflow/issues/60403,2023-04-23T13:16:04Z
tensorflow,https://github.com/tensorflow/tensorflow/issues/60400,2023-04-22T18:30:48Z
tensorflow,https://github.com/tensorflow/tensorflow/issues/60395,2023-04-21T18:29:20Z
tensorflow,https://github.com/tensorflow/tensorflow/issues/60351,2023-04-18T13:30:50Z
tensorflow,https://github.com/tensorflow/tensorflow/issues/60336,2023-04-16T09:22:35Z
tensorflow,https://github.com/tensorflow/tensorflow/issues/60312,2023-04-13T10:01:27Z
tensorflow,https://github.com/tensorflow/tensorflow/issues/60309,2023-04-13T05:24:00Z
tensorflow,https://github.com/tensorflow/tensorflow/issues/60286,2023-04-10T12:16:03Z
tensorflow,https://github.com/tensorflow/tensorflow/issues/60267,2023-04-08T11:18:36Z
tensorflow,https://github.com/tensorflow/tensorflow/issues/60262,2023-04-07T03:33:16Z
tensorflow,https://github.com/tensorflow/tensorflow/issues/60255,2023-04-06T11:55:35Z
tensorflow,https://github.com/tensorflow/tensorflow/issues/60239,2023-04-05T10:26:05Z
tensorflow,https://github.com/tensorflow/tensorflow/issues/60236,2023-04-05T03:33:55Z
tensorflow,https://github.com/tensorflow/tensorflow/issues/60200,2023-04-01T08:36:16Z
tensorflow,https://github.com/tensorflow/tensorflow/issues/60197,2023-04-01T08:23:48Z
tensorflow,https://github.com/tensorflow/tensorflow/issues/60196,2023-04-01T08:21:17Z
tensorflow,https://github.com/tensorflow/tensorflow/issues/60166,2023-03-29T20:12:29Z
tensorflow,https://github.com/tensorflow/tensorflow/issues/60149,2023-03-28T17:06:53Z
tensorflow,https://github.com/tensorflow/tensorflow/issues/60121,2023-03-27T02:53:54Z
tensorflow,https://github.com/tensorflow/tensorflow/issues/60109,2023-03-24T23:56:20Z
tensorflow,https://github.com/tensorflow/tensorflow/issues/60089,2023-03-23T19:00:22Z
tensorflow,https://github.com/tensorflow/tensorflow/issues/60084,2023-03-23T16:02:58Z
tensorflow,https://github.com/tensorflow/tensorflow/issues/60079,2023-03-23T04:46:57Z
tensorflow,https://github.com/tensorflow/tensorflow/issues/60062,2023-03-22T08:22:03Z
tensorflow,https://github.com/tensorflow/tensorflow/issues/60059,2023-03-22T00:32:52Z
tensorflow,https://github.com/tensorflow/tensorflow/issues/60043,2023-03-20T14:18:05Z
tensorflow,https://github.com/tensorflow/tensorflow/issues/60041,2023-03-20T05:15:05Z
tensorflow,https://github.com/tensorflow/tensorflow/issues/60011,2023-03-16T16:00:05Z
tensorflow,https://github.com/tensorflow/tensorflow/issues/59960,2023-03-12T01:12:14Z
tensorflow,https://github.com/tensorflow/tensorflow/issues/59956,2023-03-10T21:52:50Z
tensorflow,https://github.com/tensorflow/tensorflow/issues/59932,2023-03-08T10:59:57Z
tensorflow,https://github.com/tensorflow/tensorflow/issues/59931,2023-03-08T10:57:08Z
tensorflow,https://github.com/tensorflow/tensorflow/issues/59930,2023-03-08T10:54:33Z
tensorflow,https://github.com/tensorflow/tensorflow/issues/59912,2023-03-06T12:15:24Z
tensorflow,https://github.com/tensorflow/tensorflow/issues/59833,2023-02-28T11:10:10Z
tensorflow,https://github.com/tensorflow/tensorflow/issues/59818,2023-02-27T05:43:50Z
tensorflow,https://github.com/tensorflow/tensorflow/issues/59796,2023-02-24T14:12:46Z
tensorflow,https://github.com/tensorflow/tensorflow/issues/59779,2023-02-23T09:00:19Z
tensorflow,https://github.com/tensorflow/tensorflow/issues/59772,2023-02-22T09:20:16Z
tensorflow,https://github.com/tensorflow/tensorflow/issues/59761,2023-02-21T17:38:45Z
tensorflow,https://github.com/tensorflow/tensorflow/issues/59754,2023-02-21T09:50:12Z
tensorflow,https://github.com/tensorflow/tensorflow/issues/59729,2023-02-17T17:32:28Z
tensorflow,https://github.com/tensorflow/tensorflow/issues/59727,2023-02-17T16:11:20Z
tensorflow,https://github.com/tensorflow/tensorflow/issues/59719,2023-02-16T23:52:28Z
tensorflow,https://github.com/tensorflow/tensorflow/issues/59716,2023-02-16T20:09:58Z
tensorflow,https://github.com/tensorflow/tensorflow/issues/59711,2023-02-16T12:17:01Z
tensorflow,https://github.com/tensorflow/tensorflow/issues/59702,2023-02-15T20:59:06Z
tensorflow,https://github.com/tensorflow/tensorflow/issues/59635,2023-02-10T07:31:14Z
tensorflow,https://github.com/tensorflow/tensorflow/issues/59525,2023-02-02T11:20:23Z
tensorflow,https://github.com/tensorflow/tensorflow/issues/60418,2023-01-30T13:40:26Z
tensorflow,https://github.com/tensorflow/tensorflow/issues/59474,2023-01-27T13:53:28Z
tensorflow,https://github.com/tensorflow/tensorflow/issues/59405,2023-01-22T16:31:20Z
tensorflow,https://github.com/tensorflow/tensorflow/issues/59399,2023-01-22T15:48:36Z
tensorflow,https://github.com/tensorflow/tensorflow/issues/59398,2023-01-22T15:36:06Z
tensorflow,https://github.com/tensorflow/tensorflow/issues/59394,2023-01-22T10:25:36Z
tensorflow,https://github.com/tensorflow/tensorflow/issues/59357,2023-01-21T17:53:30Z
tensorflow,https://github.com/tensorflow/tensorflow/issues/59327,2023-01-20T16:21:41Z
tensorflow,https://github.com/tensorflow/tensorflow/issues/59281,2023-01-17T11:36:47Z
tensorflow,https://github.com/tensorflow/tensorflow/issues/59279,2023-01-17T10:29:54Z
tensorflow,https://github.com/tensorflow/tensorflow/issues/59242,2023-01-12T16:29:49Z
tensorflow,https://github.com/tensorflow/tensorflow/issues/59232,2023-01-11T23:14:46Z
tensorflow,https://github.com/tensorflow/tensorflow/issues/59225,2023-01-11T11:16:01Z
tensorflow,https://github.com/tensorflow/tensorflow/issues/59215,2023-01-10T14:12:55Z
tensorflow,https://github.com/tensorflow/tensorflow/issues/59209,2023-01-10T00:06:56Z
tensorflow,https://github.com/tensorflow/tensorflow/issues/59206,2023-01-09T23:55:48Z
tensorflow,https://github.com/tensorflow/tensorflow/issues/59205,2023-01-09T23:52:37Z
tensorflow,https://github.com/tensorflow/tensorflow/issues/59204,2023-01-09T23:50:00Z
tensorflow,https://github.com/tensorflow/tensorflow/issues/59203,2023-01-09T23:41:58Z
tensorflow,https://github.com/tensorflow/tensorflow/issues/59197,2023-01-09T20:16:12Z
tensorflow,https://github.com/tensorflow/tensorflow/issues/59163,2023-01-07T18:47:38Z
tensorflow,https://github.com/tensorflow/tensorflow/issues/59160,2023-01-07T18:34:30Z
tensorflow,https://github.com/tensorflow/tensorflow/issues/59131,2023-01-06T14:16:14Z
tensorflow,https://github.com/tensorflow/tensorflow/issues/59130,2023-01-06T14:13:29Z
tensorflow,https://github.com/tensorflow/tensorflow/issues/59122,2023-01-06T02:42:30Z
tensorflow,https://github.com/tensorflow/tensorflow/issues/59117,2023-01-06T00:36:45Z
tensorflow,https://github.com/tensorflow/tensorflow/issues/59099,2023-01-04T20:44:47Z
tensorflow,https://github.com/tensorflow/tensorflow/issues/59091,2023-01-04T14:29:36Z
tensorflow,https://github.com/tensorflow/tensorflow/issues/59083,2023-01-04T05:11:15Z
tensorflow,https://github.com/tensorflow/tensorflow/issues/59067,2023-01-02T01:49:58Z
tensorflow,https://github.com/tensorflow/tensorflow/issues/59022,2022-12-27T06:42:18Z
tensorflow,https://github.com/tensorflow/tensorflow/issues/58995,2022-12-24T17:00:32Z
tensorflow,https://github.com/tensorflow/tensorflow/issues/58981,2022-12-22T03:57:34Z
tensorflow,https://github.com/tensorflow/tensorflow/issues/58937,2022-12-19T06:35:15Z
tensorflow,https://github.com/tensorflow/tensorflow/issues/58934,2022-12-18T19:50:30Z
tensorflow,https://github.com/tensorflow/tensorflow/issues/58826,2022-12-08T21:26:56Z
tensorflow,https://github.com/tensorflow/tensorflow/issues/58790,2022-12-05T23:37:00Z
tensorflow,https://github.com/tensorflow/tensorflow/issues/58739,2022-11-30T07:46:29Z
tensorflow,https://github.com/tensorflow/tensorflow/issues/58676,2022-11-24T21:14:17Z
tensorflow,https://github.com/tensorflow/tensorflow/issues/58645,2022-11-22T13:41:46Z
tensorflow,https://github.com/tensorflow/tensorflow/issues/58628,2022-11-21T06:35:21Z
tensorflow,https://github.com/tensorflow/tensorflow/issues/58606,2022-11-17T10:17:39Z
tensorflow,https://github.com/tensorflow/tensorflow/issues/58523,2022-11-10T17:21:48Z
tensorflow,https://github.com/tensorflow/tensorflow/issues/58522,2022-11-10T14:54:48Z
tensorflow,https://github.com/tensorflow/tensorflow/issues/58517,2022-11-10T10:03:17Z
tensorflow,https://github.com/tensorflow/tensorflow/issues/58516,2022-11-10T06:26:00Z
tensorflow,https://github.com/tensorflow/tensorflow/issues/58489,2022-11-09T09:34:34Z
tensorflow,https://github.com/tensorflow/tensorflow/issues/58445,2022-11-04T07:52:09Z
tensorflow,https://github.com/tensorflow/tensorflow/issues/58319,2022-10-26T11:59:12Z
tensorflow,https://github.com/tensorflow/tensorflow/issues/58310,2022-10-25T18:12:04Z
tensorflow,https://github.com/tensorflow/tensorflow/issues/58290,2022-10-25T02:56:12Z
tensorflow,https://github.com/tensorflow/tensorflow/issues/58093,2022-10-14T09:31:50Z
tensorflow,https://github.com/tensorflow/tensorflow/issues/58006,2022-10-06T15:29:49Z
tensorflow,https://github.com/tensorflow/tensorflow/issues/58003,2022-10-06T08:58:45Z
tensorflow,https://github.com/tensorflow/tensorflow/issues/57977,2022-10-05T07:11:37Z
tensorflow,https://github.com/tensorflow/tensorflow/issues/57950,2022-10-03T14:00:38Z
tensorflow,https://github.com/tensorflow/tensorflow/issues/57939,2022-10-02T03:08:36Z
tensorflow,https://github.com/tensorflow/tensorflow/issues/57935,2022-10-01T21:59:46Z
tensorflow,https://github.com/tensorflow/tensorflow/issues/57877,2022-09-27T20:49:58Z
tensorflow,https://github.com/tensorflow/tensorflow/issues/57863,2022-09-27T13:47:04Z
tensorflow,https://github.com/tensorflow/tensorflow/issues/57847,2022-09-26T21:34:20Z
tensorflow,https://github.com/tensorflow/tensorflow/issues/57838,2022-09-26T03:32:38Z
tensorflow,https://github.com/tensorflow/tensorflow/issues/57833,2022-09-24T20:34:30Z
tensorflow,https://github.com/tensorflow/tensorflow/issues/57795,2022-09-22T02:36:48Z
tensorflow,https://github.com/tensorflow/tensorflow/issues/57756,2022-09-19T23:32:11Z
tensorflow,https://github.com/tensorflow/tensorflow/issues/57751,2022-09-19T16:48:39Z
tensorflow,https://github.com/tensorflow/tensorflow/issues/57748,2022-09-19T11:24:41Z
tensorflow,https://github.com/tensorflow/tensorflow/issues/57746,2022-09-19T09:40:48Z
tensorflow,https://github.com/tensorflow/tensorflow/issues/57744,2022-09-19T09:15:05Z
tensorflow,https://github.com/tensorflow/tensorflow/issues/57742,2022-09-19T01:52:07Z
tensorflow,https://github.com/tensorflow/tensorflow/issues/57705,2022-09-15T01:54:42Z
tensorflow,https://github.com/tensorflow/tensorflow/issues/57690,2022-09-14T06:02:56Z
tensorflow,https://github.com/tensorflow/tensorflow/issues/57685,2022-09-13T19:53:50Z
tensorflow,https://github.com/tensorflow/tensorflow/issues/57682,2022-09-13T16:30:07Z
tensorflow,https://github.com/tensorflow/tensorflow/issues/57664,2022-09-11T09:08:08Z
tensorflow,https://github.com/tensorflow/tensorflow/issues/57649,2022-09-09T02:13:45Z
tensorflow,https://github.com/tensorflow/tensorflow/issues/57641,2022-09-08T00:41:06Z
tensorflow,https://github.com/tensorflow/tensorflow/issues/57627,2022-09-06T20:10:31Z
tensorflow,https://github.com/tensorflow/tensorflow/issues/57623,2022-09-06T09:00:12Z
tensorflow,https://github.com/tensorflow/tensorflow/issues/57601,2022-09-01T23:12:27Z
tensorflow,https://github.com/tensorflow/tensorflow/issues/57583,2022-09-01T09:42:05Z
tensorflow,https://github.com/tensorflow/tensorflow/issues/57573,2022-08-31T22:04:15Z
tensorflow,https://github.com/tensorflow/tensorflow/issues/57535,2022-08-30T16:13:05Z
tensorflow,https://github.com/tensorflow/tensorflow/issues/57526,2022-08-30T12:42:08Z
tensorflow,https://github.com/tensorflow/tensorflow/issues/57493,2022-08-29T05:20:35Z
tensorflow,https://github.com/tensorflow/tensorflow/issues/57492,2022-08-29T02:01:08Z
tensorflow,https://github.com/tensorflow/tensorflow/issues/57488,2022-08-28T20:35:21Z
tensorflow,https://github.com/tensorflow/tensorflow/issues/57486,2022-08-28T18:50:42Z
tensorflow,https://github.com/tensorflow/tensorflow/issues/57463,2022-08-26T08:54:16Z
tensorflow,https://github.com/tensorflow/tensorflow/issues/57365,2022-08-22T13:35:38Z
tensorflow,https://github.com/tensorflow/tensorflow/issues/57359,2022-08-22T04:27:34Z
tensorflow,https://github.com/tensorflow/tensorflow/issues/57358,2022-08-22T03:09:41Z
tensorflow,https://github.com/tensorflow/tensorflow/issues/57343,2022-08-19T23:11:18Z
tensorflow,https://github.com/tensorflow/tensorflow/issues/57205,2022-08-18T10:23:08Z
tensorflow,https://github.com/tensorflow/tensorflow/issues/57166,2022-08-16T06:28:12Z
tensorflow,https://github.com/tensorflow/tensorflow/issues/57151,2022-08-15T07:46:07Z
tensorflow,https://github.com/tensorflow/tensorflow/issues/57128,2022-08-12T12:19:57Z
tensorflow,https://github.com/tensorflow/tensorflow/issues/57095,2022-08-11T04:31:53Z
tensorflow,https://github.com/tensorflow/tensorflow/issues/57052,2022-08-09T11:41:24Z
tensorflow,https://github.com/tensorflow/tensorflow/issues/56997,2022-08-03T08:44:46Z
tensorflow,https://github.com/tensorflow/tensorflow/issues/56974,2022-08-01T21:32:59Z
tensorflow,https://github.com/tensorflow/tensorflow/issues/56966,2022-08-01T08:30:12Z
tensorflow,https://github.com/tensorflow/tensorflow/issues/56961,2022-07-31T11:10:58Z
tensorflow,https://github.com/tensorflow/tensorflow/issues/56927,2022-07-27T18:05:00Z
tensorflow,https://github.com/tensorflow/tensorflow/issues/56912,2022-07-26T18:03:56Z
tensorflow,https://github.com/tensorflow/tensorflow/issues/56907,2022-07-26T13:38:08Z
tensorflow,https://github.com/tensorflow/tensorflow/issues/56904,2022-07-26T12:43:07Z
tensorflow,https://github.com/tensorflow/tensorflow/issues/56885,2022-07-25T04:13:57Z
tensorflow,https://github.com/tensorflow/tensorflow/issues/56863,2022-07-22T15:28:37Z
tensorflow,https://github.com/tensorflow/tensorflow/issues/56849,2022-07-21T13:10:13Z
tensorflow,https://github.com/tensorflow/tensorflow/issues/56847,2022-07-21T08:52:46Z
tensorflow,https://github.com/tensorflow/tensorflow/issues/56842,2022-07-20T15:11:41Z
tensorflow,https://github.com/tensorflow/tensorflow/issues/56833,2022-07-20T07:20:12Z
tensorflow,https://github.com/tensorflow/tensorflow/issues/56772,2022-07-14T13:58:07Z
tensorflow,https://github.com/tensorflow/tensorflow/issues/56769,2022-07-14T11:52:15Z
tensorflow,https://github.com/tensorflow/tensorflow/issues/56765,2022-07-14T02:22:36Z
tensorflow,https://github.com/tensorflow/tensorflow/issues/56752,2022-07-13T10:46:28Z
tensorflow,https://github.com/tensorflow/tensorflow/issues/56749,2022-07-13T07:06:45Z
tensorflow,https://github.com/tensorflow/tensorflow/issues/56717,2022-07-08T14:38:12Z
tensorflow,https://github.com/tensorflow/tensorflow/issues/56708,2022-07-08T04:17:26Z
tensorflow,https://github.com/tensorflow/tensorflow/issues/56693,2022-07-07T01:12:11Z
tensorflow,https://github.com/tensorflow/tensorflow/issues/56688,2022-07-06T07:02:14Z
tensorflow,https://github.com/tensorflow/tensorflow/issues/56675,2022-07-04T22:01:58Z
tensorflow,https://github.com/tensorflow/tensorflow/issues/56628,2022-06-29T20:41:21Z
tensorflow,https://github.com/tensorflow/tensorflow/issues/56624,2022-06-29T13:52:31Z
tensorflow,https://github.com/tensorflow/tensorflow/issues/56619,2022-06-29T08:45:57Z
tensorflow,https://github.com/tensorflow/tensorflow/issues/56563,2022-06-24T11:24:52Z
tensorflow,https://github.com/tensorflow/tensorflow/issues/56543,2022-06-23T05:18:19Z
tensorflow,https://github.com/tensorflow/tensorflow/issues/56542,2022-06-23T04:58:35Z
tensorflow,https://github.com/tensorflow/tensorflow/issues/56539,2022-06-22T16:12:19Z
tensorflow,https://github.com/tensorflow/tensorflow/pull/56525,2022-06-21T22:44:55Z
tensorflow,https://github.com/tensorflow/tensorflow/issues/56521,2022-06-21T12:54:02Z
tensorflow,https://github.com/tensorflow/tensorflow/issues/56508,2022-06-20T11:00:11Z
tensorflow,https://github.com/tensorflow/tensorflow/issues/56481,2022-06-16T14:45:48Z
tensorflow,https://github.com/tensorflow/tensorflow/issues/56469,2022-06-15T15:05:39Z
tensorflow,https://github.com/tensorflow/tensorflow/issues/56698,2022-06-15T12:24:41Z
tensorflow,https://github.com/tensorflow/tensorflow/issues/56434,2022-06-12T18:29:35Z
tensorflow,https://github.com/tensorflow/tensorflow/issues/56423,2022-06-10T18:14:23Z
tensorflow,https://github.com/tensorflow/tensorflow/issues/56320,2022-06-01T10:09:15Z
tensorflow,https://github.com/tensorflow/tensorflow/issues/56283,2022-05-27T05:45:17Z
tensorflow,https://github.com/tensorflow/tensorflow/issues/56259,2022-05-25T20:21:38Z
tensorflow,https://github.com/tensorflow/tensorflow/issues/56242,2022-05-24T11:43:32Z
tensorflow,https://github.com/tensorflow/tensorflow/issues/56238,2022-05-24T08:04:29Z
tensorflow,https://github.com/tensorflow/tensorflow/issues/56237,2022-05-24T08:00:50Z
tensorflow,https://github.com/tensorflow/tensorflow/issues/56177,2022-05-20T04:03:31Z
tensorflow,https://github.com/tensorflow/tensorflow/issues/56094,2022-05-13T07:24:11Z
tensorflow,https://github.com/tensorflow/tensorflow/issues/56089,2022-05-12T22:17:32Z
tensorflow,https://github.com/tensorflow/tensorflow/issues/56079,2022-05-12T11:01:27Z
tensorflow,https://github.com/tensorflow/tensorflow/issues/55815,2022-04-30T15:34:42Z
tensorflow,https://github.com/tensorflow/tensorflow/issues/55812,2022-04-30T12:39:08Z
tensorflow,https://github.com/tensorflow/tensorflow/issues/55789,2022-04-28T13:00:16Z
tensorflow,https://github.com/tensorflow/tensorflow/issues/55675,2022-04-20T04:41:51Z
tensorflow,https://github.com/tensorflow/tensorflow/issues/55633,2022-04-15T00:15:40Z
tensorflow,https://github.com/tensorflow/tensorflow/issues/55606,2022-04-13T09:09:29Z
tensorflow,https://github.com/tensorflow/tensorflow/issues/55592,2022-04-12T18:22:36Z
tensorflow,https://github.com/tensorflow/tensorflow/issues/55497,2022-04-05T11:27:04Z
tensorflow,https://github.com/tensorflow/tensorflow/issues/55495,2022-04-05T09:31:06Z
tensorflow,https://github.com/tensorflow/tensorflow/issues/55452,2022-03-31T12:39:13Z
tensorflow,https://github.com/tensorflow/tensorflow/issues/55436,2022-03-30T17:22:24Z
tensorflow,https://github.com/tensorflow/tensorflow/issues/55373,2022-03-25T12:54:23Z
tensorflow,https://github.com/tensorflow/tensorflow/issues/55328,2022-03-22T14:31:39Z
tensorflow,https://github.com/tensorflow/tensorflow/issues/55296,2022-03-19T11:51:51Z
tensorflow,https://github.com/tensorflow/tensorflow/issues/55243,2022-03-15T17:10:52Z
tensorflow,https://github.com/tensorflow/tensorflow/issues/55217,2022-03-13T22:14:42Z
tensorflow,https://github.com/tensorflow/tensorflow/issues/55207,2022-03-11T18:04:35Z
tensorflow,https://github.com/tensorflow/tensorflow/issues/55203,2022-03-11T16:24:17Z
tensorflow,https://github.com/tensorflow/tensorflow/issues/55201,2022-03-11T14:24:10Z
tensorflow,https://github.com/tensorflow/tensorflow/issues/55138,2022-03-08T12:20:50Z
tensorflow,https://github.com/tensorflow/tensorflow/issues/54973,2022-03-04T06:54:04Z
tensorflow,https://github.com/tensorflow/tensorflow/issues/54969,2022-03-04T04:52:58Z
tensorflow,https://github.com/tensorflow/tensorflow/issues/54923,2022-03-03T15:30:12Z
tensorflow,https://github.com/tensorflow/tensorflow/issues/54911,2022-03-03T08:29:05Z
tensorflow,https://github.com/tensorflow/tensorflow/issues/54481,2022-02-22T16:53:55Z
tensorflow,https://github.com/tensorflow/tensorflow/issues/54470,2022-02-21T08:39:12Z
tensorflow,https://github.com/tensorflow/tensorflow/issues/54461,2022-02-20T08:18:50Z
tensorflow,https://github.com/tensorflow/tensorflow/issues/54458,2022-02-19T22:24:17Z
tensorflow,https://github.com/tensorflow/tensorflow/issues/54456,2022-02-19T13:03:24Z
tensorflow,https://github.com/tensorflow/tensorflow/issues/54442,2022-02-18T07:32:06Z
tensorflow,https://github.com/tensorflow/tensorflow/issues/54414,2022-02-17T02:44:21Z
tensorflow,https://github.com/tensorflow/tensorflow/issues/54396,2022-02-16T03:00:38Z
tensorflow,https://github.com/tensorflow/tensorflow/issues/54386,2022-02-15T09:43:09Z
tensorflow,https://github.com/tensorflow/tensorflow/issues/54348,2022-02-11T15:30:28Z
tensorflow,https://github.com/tensorflow/tensorflow/issues/54342,2022-02-11T09:08:15Z
tensorflow,https://github.com/tensorflow/tensorflow/issues/54325,2022-02-10T12:24:30Z
tensorflow,https://github.com/tensorflow/tensorflow/issues/54299,2022-02-08T13:37:35Z
tensorflow,https://github.com/tensorflow/tensorflow/issues/54279,2022-02-05T12:54:40Z
tensorflow,https://github.com/tensorflow/tensorflow/issues/54265,2022-02-04T06:48:05Z
tensorflow,https://github.com/tensorflow/tensorflow/issues/54254,2022-02-03T13:26:35Z
tensorflow,https://github.com/tensorflow/tensorflow/issues/54086,2022-01-26T01:15:59Z
tensorflow,https://github.com/tensorflow/tensorflow/issues/53870,2022-01-22T16:46:08Z
tensorflow,https://github.com/tensorflow/tensorflow/issues/53767,2022-01-14T18:55:01Z
tensorflow,https://github.com/tensorflow/tensorflow/issues/53763,2022-01-14T16:22:04Z
tensorflow,https://github.com/tensorflow/tensorflow/issues/53726,2022-01-11T16:31:35Z
tensorflow,https://github.com/tensorflow/tensorflow/issues/53725,2022-01-11T15:36:08Z
tensorflow,https://github.com/tensorflow/tensorflow/issues/53620,2022-01-03T21:45:28Z
tensorflow,https://github.com/tensorflow/tensorflow/issues/53572,2021-12-29T12:25:16Z
tensorflow,https://github.com/tensorflow/tensorflow/issues/53552,2021-12-27T11:19:35Z
tensorflow,https://github.com/tensorflow/tensorflow/issues/53533,2021-12-23T13:10:33Z
tensorflow,https://github.com/tensorflow/tensorflow/issues/53519,2021-12-22T10:44:31Z
tensorflow,https://github.com/tensorflow/tensorflow/issues/53413,2021-12-14T04:46:10Z
tensorflow,https://github.com/tensorflow/tensorflow/issues/53410,2021-12-14T00:35:39Z
tensorflow,https://github.com/tensorflow/tensorflow/issues/53275,2021-12-01T15:58:55Z
tensorflow,https://github.com/tensorflow/tensorflow/issues/53205,2021-11-25T15:01:26Z
tensorflow,https://github.com/tensorflow/tensorflow/issues/53196,2021-11-25T07:18:32Z
tensorflow,https://github.com/tensorflow/tensorflow/issues/53140,2021-11-20T05:06:22Z
tensorflow,https://github.com/tensorflow/tensorflow/issues/53047,2021-11-12T18:18:54Z
tensorflow,https://github.com/tensorflow/tensorflow/issues/53025,2021-11-10T22:40:29Z
tensorflow,https://github.com/tensorflow/tensorflow/issues/52977,2021-11-07T13:19:59Z
tensorflow,https://github.com/tensorflow/tensorflow/issues/52968,2021-11-05T19:37:11Z
tensorflow,https://github.com/tensorflow/tensorflow/issues/52907,2021-11-02T06:32:52Z
tensorflow,https://github.com/tensorflow/tensorflow/issues/52605,2021-10-21T03:07:43Z
tensorflow,https://github.com/tensorflow/tensorflow/issues/52599,2021-10-20T17:19:52Z
tensorflow,https://github.com/tensorflow/tensorflow/issues/52587,2021-10-20T07:59:02Z
tensorflow,https://github.com/tensorflow/tensorflow/issues/52298,2021-10-08T10:33:58Z
tensorflow,https://github.com/tensorflow/tensorflow/issues/52287,2021-10-07T13:37:13Z
tensorflow,https://github.com/tensorflow/tensorflow/issues/52223,2021-10-01T21:18:11Z
tensorflow,https://github.com/tensorflow/tensorflow/issues/52220,2021-10-01T19:37:38Z
tensorflow,https://github.com/tensorflow/tensorflow/issues/52200,2021-09-30T13:54:11Z
tensorflow,https://github.com/tensorflow/tensorflow/issues/52108,2021-09-23T10:25:22Z
tensorflow,https://github.com/tensorflow/tensorflow/issues/52086,2021-09-22T03:17:02Z
tensorflow,https://github.com/tensorflow/tensorflow/issues/52085,2021-09-22T03:06:45Z
tensorflow,https://github.com/tensorflow/tensorflow/issues/52064,2021-09-20T10:04:45Z
tensorflow,https://github.com/tensorflow/tensorflow/issues/52053,2021-09-18T03:44:44Z
tensorflow,https://github.com/tensorflow/tensorflow/issues/52030,2021-09-16T12:40:50Z
tensorflow,https://github.com/tensorflow/tensorflow/issues/52000,2021-09-15T02:12:35Z
tensorflow,https://github.com/tensorflow/tensorflow/issues/51896,2021-09-09T09:19:19Z
tensorflow,https://github.com/tensorflow/tensorflow/issues/51871,2021-09-08T04:53:00Z
tensorflow,https://github.com/tensorflow/tensorflow/issues/51859,2021-09-07T03:25:42Z
tensorflow,https://github.com/tensorflow/tensorflow/issues/51818,2021-09-03T10:55:05Z
tensorflow,https://github.com/tensorflow/tensorflow/issues/51803,2021-09-02T16:50:17Z
tensorflow,https://github.com/tensorflow/tensorflow/issues/51760,2021-08-31T05:15:53Z
tensorflow,https://github.com/tensorflow/tensorflow/issues/51532,2021-08-17T14:49:35Z
tensorflow,https://github.com/tensorflow/tensorflow/issues/51500,2021-08-15T10:16:21Z
tensorflow,https://github.com/tensorflow/tensorflow/issues/51493,2021-08-14T13:02:14Z
tensorflow,https://github.com/tensorflow/tensorflow/issues/51484,2021-08-13T09:28:17Z
tensorflow,https://github.com/tensorflow/tensorflow/issues/51453,2021-08-12T12:20:06Z
tensorflow,https://github.com/tensorflow/tensorflow/issues/51354,2021-08-06T21:35:13Z
tensorflow,https://github.com/tensorflow/tensorflow/issues/51344,2021-08-06T03:44:10Z
tensorflow,https://github.com/tensorflow/tensorflow/issues/51241,2021-08-05T10:20:10Z
tensorflow,https://github.com/tensorflow/tensorflow/issues/51201,2021-08-05T01:07:12Z
tensorflow,https://github.com/tensorflow/tensorflow/issues/51180,2021-08-04T23:32:15Z
tensorflow,https://github.com/tensorflow/tensorflow/issues/51149,2021-08-04T16:39:55Z
tensorflow,https://github.com/tensorflow/tensorflow/issues/51119,2021-08-03T07:03:21Z
tensorflow,https://github.com/tensorflow/tensorflow/issues/51083,2021-08-01T08:13:46Z
tensorflow,https://github.com/tensorflow/tensorflow/issues/50952,2021-07-26T13:41:21Z
tensorflow,https://github.com/tensorflow/tensorflow/issues/50796,2021-07-16T01:18:10Z
tensorflow,https://github.com/tensorflow/tensorflow/issues/50790,2021-07-15T14:14:24Z
tensorflow,https://github.com/tensorflow/tensorflow/issues/50774,2021-07-14T20:10:45Z
tensorflow,https://github.com/tensorflow/tensorflow/issues/50765,2021-07-14T09:09:04Z
tensorflow,https://github.com/tensorflow/tensorflow/issues/50662,2021-07-08T03:41:03Z
tensorflow,https://github.com/tensorflow/tensorflow/issues/50622,2021-07-06T00:12:02Z
tensorflow,https://github.com/tensorflow/tensorflow/issues/50551,2021-06-30T21:01:40Z
tensorflow,https://github.com/tensorflow/tensorflow/issues/50458,2021-06-25T10:55:31Z
tensorflow,https://github.com/tensorflow/tensorflow/issues/50440,2021-06-24T14:21:08Z
tensorflow,https://github.com/tensorflow/tensorflow/issues/50407,2021-06-22T21:55:05Z
tensorflow,https://github.com/tensorflow/tensorflow/issues/50401,2021-06-22T15:34:15Z
tensorflow,https://github.com/tensorflow/tensorflow/issues/50393,2021-06-22T07:34:21Z
tensorflow,https://github.com/tensorflow/tensorflow/issues/50363,2021-06-19T12:45:01Z
tensorflow,https://github.com/tensorflow/tensorflow/issues/50308,2021-06-16T15:07:17Z
tensorflow,https://github.com/tensorflow/tensorflow/issues/50260,2021-06-14T16:09:56Z
tensorflow,https://github.com/tensorflow/tensorflow/issues/50246,2021-06-13T18:32:16Z
tensorflow,https://github.com/tensorflow/tensorflow/issues/50198,2021-06-10T13:26:55Z
tensorflow,https://github.com/tensorflow/tensorflow/issues/50130,2021-06-07T20:22:42Z
tensorflow,https://github.com/tensorflow/tensorflow/issues/49946,2021-06-01T09:48:41Z
tensorflow,https://github.com/tensorflow/tensorflow/issues/49920,2021-05-31T08:00:41Z
tensorflow,https://github.com/tensorflow/tensorflow/issues/49889,2021-05-29T00:43:21Z
tensorflow,https://github.com/tensorflow/tensorflow/issues/49702,2021-05-25T23:14:54Z
tensorflow,https://github.com/tensorflow/tensorflow/issues/49515,2021-05-24T16:01:14Z
tensorflow,https://github.com/tensorflow/tensorflow/issues/49456,2021-05-21T08:49:12Z
tensorflow,https://github.com/tensorflow/tensorflow/issues/49373,2021-05-20T11:11:22Z
tensorflow,https://github.com/tensorflow/tensorflow/issues/49241,2021-05-17T19:00:50Z
tensorflow,https://github.com/tensorflow/tensorflow/issues/49164,2021-05-13T16:24:25Z
tensorflow,https://github.com/tensorflow/tensorflow/issues/49139,2021-05-12T13:04:27Z
tensorflow,https://github.com/tensorflow/tensorflow/issues/48947,2021-05-06T23:19:54Z
tensorflow,https://github.com/tensorflow/tensorflow/issues/48943,2021-05-06T20:27:44Z
tensorflow,https://github.com/tensorflow/tensorflow/issues/48888,2021-05-03T15:58:12Z
tensorflow,https://github.com/tensorflow/tensorflow/issues/48849,2021-04-30T11:32:06Z
tensorflow,https://github.com/tensorflow/tensorflow/issues/48845,2021-04-30T10:38:22Z
tensorflow,https://github.com/tensorflow/tensorflow/issues/48772,2021-04-27T06:36:40Z
tensorflow,https://github.com/tensorflow/tensorflow/issues/48752,2021-04-26T03:31:58Z
tensorflow,https://github.com/tensorflow/tensorflow/issues/48624,2021-04-19T23:54:04Z
tensorflow,https://github.com/tensorflow/tensorflow/issues/48559,2021-04-16T11:27:09Z
tensorflow,https://github.com/tensorflow/tensorflow/issues/48484,2021-04-12T13:19:49Z
tensorflow,https://github.com/tensorflow/tensorflow/issues/48474,2021-04-12T08:50:20Z
tensorflow,https://github.com/tensorflow/tensorflow/issues/48365,2021-04-07T10:33:05Z
tensorflow,https://github.com/tensorflow/tensorflow/issues/48213,2021-03-31T10:03:32Z
tensorflow,https://github.com/tensorflow/tensorflow/issues/48205,2021-03-31T00:15:45Z
tensorflow,https://github.com/tensorflow/tensorflow/issues/48195,2021-03-30T17:36:52Z
tensorflow,https://github.com/tensorflow/tensorflow/issues/48157,2021-03-29T14:28:17Z
tensorflow,https://github.com/tensorflow/tensorflow/issues/48043,2021-03-24T13:48:10Z
tensorflow,https://github.com/tensorflow/tensorflow/issues/48036,2021-03-24T08:57:04Z
tensorflow,https://github.com/tensorflow/tensorflow/issues/48016,2021-03-23T14:17:24Z
tensorflow,https://github.com/tensorflow/tensorflow/issues/48005,2021-03-23T07:41:19Z
tensorflow,https://github.com/tensorflow/tensorflow/issues/47998,2021-03-23T02:34:59Z
tensorflow,https://github.com/tensorflow/tensorflow/issues/47981,2021-03-22T17:33:54Z
tensorflow,https://github.com/tensorflow/tensorflow/issues/47871,2021-03-17T20:11:14Z
tensorflow,https://github.com/tensorflow/tensorflow/issues/47866,2021-03-17T16:28:56Z
tensorflow,https://github.com/tensorflow/tensorflow/issues/47853,2021-03-17T03:28:00Z
tensorflow,https://github.com/tensorflow/tensorflow/issues/47816,2021-03-15T09:47:36Z
tensorflow,https://github.com/tensorflow/tensorflow/issues/47791,2021-03-14T03:13:16Z
tensorflow,https://github.com/tensorflow/tensorflow/issues/47649,2021-03-08T17:53:17Z
tensorflow,https://github.com/tensorflow/tensorflow/issues/47574,2021-03-04T21:08:35Z
tensorflow,https://github.com/tensorflow/tensorflow/issues/47535,2021-03-03T18:49:50Z
tensorflow,https://github.com/tensorflow/tensorflow/issues/47533,2021-03-03T16:35:08Z
tensorflow,https://github.com/tensorflow/tensorflow/issues/47474,2021-03-01T11:37:31Z
tensorflow,https://github.com/tensorflow/tensorflow/issues/47277,2021-02-20T01:54:33Z
tensorflow,https://github.com/tensorflow/tensorflow/issues/47275,2021-02-19T23:03:28Z
tensorflow,https://github.com/tensorflow/tensorflow/issues/47224,2021-02-17T22:15:35Z
tensorflow,https://github.com/tensorflow/tensorflow/issues/47222,2021-02-17T20:28:41Z
tensorflow,https://github.com/tensorflow/tensorflow/issues/47213,2021-02-17T14:24:29Z
tensorflow,https://github.com/tensorflow/tensorflow/issues/47192,2021-02-16T16:02:16Z
tensorflow,https://github.com/tensorflow/tensorflow/issues/47179,2021-02-16T08:06:00Z
tensorflow,https://github.com/tensorflow/tensorflow/issues/47162,2021-02-15T14:08:39Z
tensorflow,https://github.com/tensorflow/tensorflow/issues/47161,2021-02-15T13:02:14Z
tensorflow,https://github.com/tensorflow/tensorflow/issues/47116,2021-02-12T16:06:32Z
tensorflow,https://github.com/tensorflow/tensorflow/issues/47047,2021-02-09T17:43:57Z
tensorflow,https://github.com/tensorflow/tensorflow/issues/46961,2021-02-05T18:14:23Z
tensorflow,https://github.com/tensorflow/tensorflow/issues/46952,2021-02-05T13:02:07Z
tensorflow,https://github.com/tensorflow/tensorflow/issues/46950,2021-02-05T12:12:22Z
tensorflow,https://github.com/tensorflow/tensorflow/issues/46944,2021-02-05T08:20:20Z
tensorflow,https://github.com/tensorflow/tensorflow/issues/46910,2021-02-04T04:06:19Z
tensorflow,https://github.com/tensorflow/tensorflow/issues/46745,2021-01-27T22:45:05Z
tensorflow,https://github.com/tensorflow/tensorflow/issues/46740,2021-01-27T18:58:23Z
tensorflow,https://github.com/tensorflow/tensorflow/issues/46726,2021-01-27T10:12:47Z
tensorflow,https://github.com/tensorflow/tensorflow/issues/46708,2021-01-26T20:21:12Z
tensorflow,https://github.com/tensorflow/tensorflow/issues/46702,2021-01-26T17:27:24Z
tensorflow,https://github.com/tensorflow/tensorflow/issues/46679,2021-01-26T02:07:44Z
tensorflow,https://github.com/tensorflow/tensorflow/issues/46672,2021-01-25T20:00:40Z
tensorflow,https://github.com/tensorflow/tensorflow/issues/46635,2021-01-24T04:27:07Z
tensorflow,https://github.com/tensorflow/tensorflow/issues/46475,2021-01-16T04:08:45Z
tensorflow,https://github.com/tensorflow/tensorflow/issues/46254,2021-01-07T18:54:50Z
tensorflow,https://github.com/tensorflow/tensorflow/issues/46089,2020-12-31T08:34:47Z
tensorflow,https://github.com/tensorflow/tensorflow/issues/46007,2020-12-28T09:33:39Z
tensorflow,https://github.com/tensorflow/tensorflow/issues/45999,2020-12-28T04:20:25Z
tensorflow,https://github.com/tensorflow/tensorflow/issues/45946,2020-12-23T19:57:13Z
tensorflow,https://github.com/tensorflow/tensorflow/issues/45943,2020-12-23T15:35:12Z
tensorflow,https://github.com/tensorflow/tensorflow/issues/45849,2020-12-18T14:52:12Z
tensorflow,https://github.com/tensorflow/tensorflow/issues/45793,2020-12-17T16:05:44Z
tensorflow,https://github.com/tensorflow/tensorflow/issues/45748,2020-12-16T17:41:23Z
tensorflow,https://github.com/tensorflow/tensorflow/issues/45687,2020-12-15T09:22:02Z
tensorflow,https://github.com/tensorflow/tensorflow/issues/45663,2020-12-14T17:04:54Z
tensorflow,https://github.com/tensorflow/tensorflow/issues/45659,2020-12-14T16:47:29Z
tensorflow,https://github.com/tensorflow/tensorflow/issues/45594,2020-12-11T07:26:48Z
tensorflow,https://github.com/tensorflow/tensorflow/issues/45568,2020-12-10T06:32:30Z
tensorflow,https://github.com/tensorflow/tensorflow/issues/45557,2020-12-09T22:45:49Z
tensorflow,https://github.com/tensorflow/tensorflow/issues/45322,2020-12-02T04:12:57Z
tensorflow,https://github.com/tensorflow/tensorflow/issues/45238,2020-11-28T02:07:31Z
tensorflow,https://github.com/tensorflow/tensorflow/issues/45110,2020-11-23T17:53:08Z
tensorflow,https://github.com/tensorflow/tensorflow/issues/45093,2020-11-23T07:51:02Z
tensorflow,https://github.com/tensorflow/tensorflow/issues/45021,2020-11-19T21:46:12Z
tensorflow,https://github.com/tensorflow/tensorflow/issues/44888,2020-11-16T01:24:29Z
tensorflow,https://github.com/tensorflow/tensorflow/issues/44714,2020-11-10T01:33:17Z
tensorflow,https://github.com/tensorflow/tensorflow/issues/44713,2020-11-09T22:52:28Z
tensorflow,https://github.com/tensorflow/tensorflow/issues/44698,2020-11-09T11:25:35Z
tensorflow,https://github.com/tensorflow/tensorflow/issues/44670,2020-11-07T07:15:55Z
tensorflow,https://github.com/tensorflow/tensorflow/issues/44613,2020-11-05T13:39:44Z
tensorflow,https://github.com/tensorflow/tensorflow/issues/44571,2020-11-04T02:38:17Z
tensorflow,https://github.com/tensorflow/tensorflow/issues/44565,2020-11-03T22:15:19Z
tensorflow,https://github.com/tensorflow/tensorflow/issues/44563,2020-11-03T19:39:22Z
tensorflow,https://github.com/tensorflow/tensorflow/issues/44555,2020-11-03T15:00:42Z
tensorflow,https://github.com/tensorflow/tensorflow/issues/44515,2020-11-02T08:23:00Z
tensorflow,https://github.com/tensorflow/tensorflow/issues/44487,2020-10-31T21:46:47Z
tensorflow,https://github.com/tensorflow/tensorflow/issues/44428,2020-10-29T09:35:25Z
tensorflow,https://github.com/tensorflow/tensorflow/issues/44348,2020-10-27T13:05:03Z
tensorflow,https://github.com/tensorflow/tensorflow/issues/44337,2020-10-26T19:33:30Z
tensorflow,https://github.com/tensorflow/tensorflow/issues/44214,2020-10-21T21:31:11Z
tensorflow,https://github.com/tensorflow/tensorflow/issues/44073,2020-10-16T04:52:03Z
tensorflow,https://github.com/tensorflow/tensorflow/issues/44046,2020-10-15T12:11:55Z
tensorflow,https://github.com/tensorflow/tensorflow/issues/43905,2020-10-09T08:51:15Z
tensorflow,https://github.com/tensorflow/tensorflow/issues/43878,2020-10-08T12:48:21Z
tensorflow,https://github.com/tensorflow/tensorflow/issues/43839,2020-10-07T08:02:02Z
tensorflow,https://github.com/tensorflow/tensorflow/issues/43800,2020-10-05T21:25:55Z
tensorflow,https://github.com/tensorflow/tensorflow/issues/43790,2020-10-05T13:37:14Z
tensorflow,https://github.com/tensorflow/tensorflow/issues/43744,2020-10-02T20:45:16Z
tensorflow,https://github.com/tensorflow/tensorflow/issues/43648,2020-09-29T11:16:25Z
tensorflow,https://github.com/tensorflow/tensorflow/issues/42980,2020-09-05T10:40:46Z
tensorflow,https://github.com/tensorflow/tensorflow/issues/42878,2020-09-02T05:15:04Z
tensorflow,https://github.com/tensorflow/tensorflow/issues/42680,2020-08-26T14:09:31Z
tensorflow,https://github.com/tensorflow/tensorflow/issues/42660,2020-08-25T15:35:22Z
tensorflow,https://github.com/tensorflow/tensorflow/issues/42616,2020-08-24T08:27:07Z
tensorflow,https://github.com/tensorflow/tensorflow/issues/42425,2020-08-17T07:18:44Z
tensorflow,https://github.com/tensorflow/tensorflow/issues/42424,2020-08-17T05:23:13Z
tensorflow,https://github.com/tensorflow/tensorflow/issues/42388,2020-08-15T11:35:47Z
tensorflow,https://github.com/tensorflow/tensorflow/issues/42349,2020-08-14T02:27:05Z
tensorflow,https://github.com/tensorflow/tensorflow/issues/42120,2020-08-07T08:52:15Z
tensorflow,https://github.com/tensorflow/tensorflow/issues/42119,2020-08-07T08:13:38Z
tensorflow,https://github.com/tensorflow/tensorflow/issues/41940,2020-07-31T17:12:43Z
tensorflow,https://github.com/tensorflow/tensorflow/issues/41746,2020-07-26T16:32:13Z
tensorflow,https://github.com/tensorflow/tensorflow/issues/41737,2020-07-26T01:29:19Z
tensorflow,https://github.com/tensorflow/tensorflow/issues/41718,2020-07-25T02:39:12Z
tensorflow,https://github.com/tensorflow/tensorflow/issues/41448,2020-07-16T10:11:48Z
tensorflow,https://github.com/tensorflow/tensorflow/issues/41405,2020-07-15T08:51:20Z
tensorflow,https://github.com/tensorflow/tensorflow/issues/41380,2020-07-14T17:04:28Z
tensorflow,https://github.com/tensorflow/tensorflow/issues/41189,2020-07-08T09:06:35Z
tensorflow,https://github.com/tensorflow/tensorflow/issues/41161,2020-07-07T17:32:37Z
tensorflow,https://github.com/tensorflow/tensorflow/issues/41081,2020-07-04T13:03:01Z
tensorflow,https://github.com/tensorflow/tensorflow/issues/41009,2020-07-01T23:15:59Z
tensorflow,https://github.com/tensorflow/tensorflow/issues/40727,2020-06-23T20:25:10Z
tensorflow,https://github.com/tensorflow/tensorflow/issues/40159,2020-06-04T16:37:02Z
tensorflow,https://github.com/tensorflow/tensorflow/issues/40065,2020-06-01T20:05:13Z
tensorflow,https://github.com/tensorflow/tensorflow/issues/39895,2020-05-27T04:33:18Z
tensorflow,https://github.com/tensorflow/tensorflow/issues/39792,2020-05-22T17:06:13Z
tensorflow,https://github.com/tensorflow/tensorflow/issues/39268,2020-05-07T15:00:49Z
tensorflow,https://github.com/tensorflow/tensorflow/issues/39167,2020-05-04T21:00:50Z
tensorflow,https://github.com/tensorflow/tensorflow/issues/39056,2020-04-30T15:48:18Z
tensorflow,https://github.com/tensorflow/tensorflow/issues/38762,2020-04-21T18:42:26Z
tensorflow,https://github.com/tensorflow/tensorflow/issues/38539,2020-04-14T14:58:04Z
tensorflow,https://github.com/tensorflow/tensorflow/issues/38453,2020-04-11T10:51:59Z
tensorflow,https://github.com/tensorflow/tensorflow/issues/38409,2020-04-09T23:28:27Z
tensorflow,https://github.com/tensorflow/tensorflow/issues/37615,2020-03-15T16:25:56Z
tensorflow,https://github.com/tensorflow/tensorflow/issues/36539,2020-02-07T13:30:41Z
tensorflow,https://github.com/tensorflow/tensorflow/issues/36181,2020-01-24T13:50:40Z
tensorflow,https://github.com/tensorflow/tensorflow/issues/35292,2019-12-20T00:55:44Z
tensorflow,https://github.com/tensorflow/tensorflow/issues/35160,2019-12-16T16:56:29Z
tensorflow,https://github.com/tensorflow/tensorflow/issues/30954,2019-07-23T11:20:49Z
tensorflow,https://github.com/tensorflow/tensorflow/issues/27537,2019-04-05T10:29:22Z
tensorflow,https://github.com/tensorflow/tensorflow/issues/22059,2018-09-04T17:44:33Z
tensorflow,https://github.com/tensorflow/tensorflow/issues/21891,2018-08-27T11:35:37Z
tensorflow,https://github.com/tensorflow/tensorflow/issues/12071,2017-08-07T07:32:05Z
tensorflow,https://github.com/tensorflow/tensorflow/issues/7397,2017-02-09T19:09:54Z
